[ { "fields" : { "domain" : "idp-test-entrouvert.montpellier-agglo.com",
        "name" : "Portail citoyen"
      },
    "model" : "sites.site",
    "pk" : 1
  },
  { "fields" : { "default_width" : null,
        "slot" : "gauche"
      },
    "model" : "cms.placeholder",
    "pk" : 4
  },
  { "fields" : { "default_width" : null,
        "slot" : "centre"
      },
    "model" : "cms.placeholder",
    "pk" : 5
  },
  { "fields" : { "default_width" : null,
        "slot" : "droite"
      },
    "model" : "cms.placeholder",
    "pk" : 6
  },
  { "fields" : { "default_width" : null,
        "slot" : "gauche.html"
      },
    "model" : "cms.placeholder",
    "pk" : 9
  },
  { "fields" : { "default_width" : null,
        "slot" : "droite.html"
      },
    "model" : "cms.placeholder",
    "pk" : 10
  },
  { "fields" : { "default_width" : null,
        "slot" : "Titre colonne gauche"
      },
    "model" : "cms.placeholder",
    "pk" : 11
  },
  { "fields" : { "default_width" : null,
        "slot" : "Titre colonne gauche"
      },
    "model" : "cms.placeholder",
    "pk" : 13
  },
  { "fields" : { "default_width" : null,
        "slot" : "gauche"
      },
    "model" : "cms.placeholder",
    "pk" : 14
  },
  { "fields" : { "default_width" : null,
        "slot" : "centre"
      },
    "model" : "cms.placeholder",
    "pk" : 15
  },
  { "fields" : { "default_width" : null,
        "slot" : "droite"
      },
    "model" : "cms.placeholder",
    "pk" : 16
  },
  { "fields" : { "default_width" : null,
        "slot" : "Titre colonne gauche"
      },
    "model" : "cms.placeholder",
    "pk" : 17
  },
  { "fields" : { "default_width" : null,
        "slot" : "gauche"
      },
    "model" : "cms.placeholder",
    "pk" : 18
  },
  { "fields" : { "default_width" : null,
        "slot" : "centre"
      },
    "model" : "cms.placeholder",
    "pk" : 19
  },
  { "fields" : { "default_width" : null,
        "slot" : "droite"
      },
    "model" : "cms.placeholder",
    "pk" : 20
  },
  { "fields" : { "default_width" : null,
        "slot" : "Titre colonne gauche"
      },
    "model" : "cms.placeholder",
    "pk" : 21
  },
  { "fields" : { "default_width" : null,
        "slot" : "gauche"
      },
    "model" : "cms.placeholder",
    "pk" : 22
  },
  { "fields" : { "default_width" : null,
        "slot" : "centre"
      },
    "model" : "cms.placeholder",
    "pk" : 23
  },
  { "fields" : { "default_width" : null,
        "slot" : "droite"
      },
    "model" : "cms.placeholder",
    "pk" : 24
  },
  { "fields" : { "default_width" : null,
        "slot" : "Titre colonne gauche"
      },
    "model" : "cms.placeholder",
    "pk" : 25
  },
  { "fields" : { "default_width" : null,
        "slot" : "gauche"
      },
    "model" : "cms.placeholder",
    "pk" : 26
  },
  { "fields" : { "default_width" : null,
        "slot" : "centre"
      },
    "model" : "cms.placeholder",
    "pk" : 27
  },
  { "fields" : { "default_width" : null,
        "slot" : "droite"
      },
    "model" : "cms.placeholder",
    "pk" : 28
  },
  { "fields" : { "default_width" : null,
        "slot" : "Titre colonne gauche"
      },
    "model" : "cms.placeholder",
    "pk" : 29
  },
  { "fields" : { "default_width" : null,
        "slot" : "gauche"
      },
    "model" : "cms.placeholder",
    "pk" : 30
  },
  { "fields" : { "default_width" : null,
        "slot" : "centre"
      },
    "model" : "cms.placeholder",
    "pk" : 31
  },
  { "fields" : { "default_width" : null,
        "slot" : "droite"
      },
    "model" : "cms.placeholder",
    "pk" : 32
  },
  { "fields" : { "default_width" : null,
        "slot" : "Titre colonne gauche"
      },
    "model" : "cms.placeholder",
    "pk" : 33
  },
  { "fields" : { "default_width" : null,
        "slot" : "gauche"
      },
    "model" : "cms.placeholder",
    "pk" : 34
  },
  { "fields" : { "default_width" : null,
        "slot" : "centre"
      },
    "model" : "cms.placeholder",
    "pk" : 35
  },
  { "fields" : { "default_width" : null,
        "slot" : "droite"
      },
    "model" : "cms.placeholder",
    "pk" : 36
  },
  { "fields" : { "default_width" : null,
        "slot" : "Titre colonne gauche"
      },
    "model" : "cms.placeholder",
    "pk" : 37
  },
  { "fields" : { "default_width" : null,
        "slot" : "gauche"
      },
    "model" : "cms.placeholder",
    "pk" : 38
  },
  { "fields" : { "default_width" : null,
        "slot" : "centre"
      },
    "model" : "cms.placeholder",
    "pk" : 39
  },
  { "fields" : { "default_width" : null,
        "slot" : "droite"
      },
    "model" : "cms.placeholder",
    "pk" : 40
  },
  { "fields" : { "default_width" : null,
        "slot" : "Titre colonne gauche"
      },
    "model" : "cms.placeholder",
    "pk" : 41
  },
  { "fields" : { "default_width" : null,
        "slot" : "gauche"
      },
    "model" : "cms.placeholder",
    "pk" : 42
  },
  { "fields" : { "default_width" : null,
        "slot" : "centre"
      },
    "model" : "cms.placeholder",
    "pk" : 43
  },
  { "fields" : { "default_width" : null,
        "slot" : "droite"
      },
    "model" : "cms.placeholder",
    "pk" : 44
  },
  { "fields" : { "default_width" : null,
        "slot" : "Titre colonne gauche"
      },
    "model" : "cms.placeholder",
    "pk" : 45
  },
  { "fields" : { "default_width" : null,
        "slot" : "gauche"
      },
    "model" : "cms.placeholder",
    "pk" : 46
  },
  { "fields" : { "default_width" : null,
        "slot" : "centre"
      },
    "model" : "cms.placeholder",
    "pk" : 47
  },
  { "fields" : { "default_width" : null,
        "slot" : "droite"
      },
    "model" : "cms.placeholder",
    "pk" : 48
  },
  { "fields" : { "default_width" : null,
        "slot" : "Titre colonne gauche"
      },
    "model" : "cms.placeholder",
    "pk" : 49
  },
  { "fields" : { "default_width" : null,
        "slot" : "gauche"
      },
    "model" : "cms.placeholder",
    "pk" : 50
  },
  { "fields" : { "default_width" : null,
        "slot" : "centre"
      },
    "model" : "cms.placeholder",
    "pk" : 51
  },
  { "fields" : { "default_width" : null,
        "slot" : "droite"
      },
    "model" : "cms.placeholder",
    "pk" : 52
  },
  { "fields" : { "default_width" : null,
        "slot" : "Titre colonne gauche"
      },
    "model" : "cms.placeholder",
    "pk" : 53
  },
  { "fields" : { "default_width" : null,
        "slot" : "gauche"
      },
    "model" : "cms.placeholder",
    "pk" : 54
  },
  { "fields" : { "default_width" : null,
        "slot" : "centre"
      },
    "model" : "cms.placeholder",
    "pk" : 55
  },
  { "fields" : { "default_width" : null,
        "slot" : "droite"
      },
    "model" : "cms.placeholder",
    "pk" : 56
  },
  { "fields" : { "default_width" : null,
        "slot" : "Titre colonne gauche"
      },
    "model" : "cms.placeholder",
    "pk" : 57
  },
  { "fields" : { "default_width" : null,
        "slot" : "gauche"
      },
    "model" : "cms.placeholder",
    "pk" : 58
  },
  { "fields" : { "default_width" : null,
        "slot" : "centre"
      },
    "model" : "cms.placeholder",
    "pk" : 59
  },
  { "fields" : { "default_width" : null,
        "slot" : "droite"
      },
    "model" : "cms.placeholder",
    "pk" : 60
  },
  { "fields" : { "default_width" : null,
        "slot" : "Titre colonne gauche"
      },
    "model" : "cms.placeholder",
    "pk" : 61
  },
  { "fields" : { "default_width" : null,
        "slot" : "gauche"
      },
    "model" : "cms.placeholder",
    "pk" : 62
  },
  { "fields" : { "default_width" : null,
        "slot" : "centre"
      },
    "model" : "cms.placeholder",
    "pk" : 63
  },
  { "fields" : { "default_width" : null,
        "slot" : "droite"
      },
    "model" : "cms.placeholder",
    "pk" : 64
  },
  { "fields" : { "default_width" : null,
        "slot" : "Titre colonne gauche"
      },
    "model" : "cms.placeholder",
    "pk" : 65
  },
  { "fields" : { "default_width" : null,
        "slot" : "gauche"
      },
    "model" : "cms.placeholder",
    "pk" : 66
  },
  { "fields" : { "default_width" : null,
        "slot" : "centre"
      },
    "model" : "cms.placeholder",
    "pk" : 67
  },
  { "fields" : { "default_width" : null,
        "slot" : "droite"
      },
    "model" : "cms.placeholder",
    "pk" : 68
  },
  { "fields" : { "default_width" : null,
        "slot" : "left"
      },
    "model" : "cms.placeholder",
    "pk" : 69
  },
  { "fields" : { "default_width" : null,
        "slot" : "right"
      },
    "model" : "cms.placeholder",
    "pk" : 70
  },
  { "fields" : { "default_width" : null,
        "slot" : "left"
      },
    "model" : "cms.placeholder",
    "pk" : 71
  },
  { "fields" : { "default_width" : null,
        "slot" : "right"
      },
    "model" : "cms.placeholder",
    "pk" : 72
  },
  { "fields" : { "default_width" : null,
        "slot" : "left"
      },
    "model" : "cms.placeholder",
    "pk" : 73
  },
  { "fields" : { "default_width" : null,
        "slot" : "right"
      },
    "model" : "cms.placeholder",
    "pk" : 74
  },
  { "fields" : { "default_width" : null,
        "slot" : "left"
      },
    "model" : "cms.placeholder",
    "pk" : 75
  },
  { "fields" : { "default_width" : null,
        "slot" : "right"
      },
    "model" : "cms.placeholder",
    "pk" : 76
  },
  { "fields" : { "default_width" : null,
        "slot" : "center"
      },
    "model" : "cms.placeholder",
    "pk" : 77
  },
  { "fields" : { "default_width" : null,
        "slot" : "center"
      },
    "model" : "cms.placeholder",
    "pk" : 78
  },
  { "fields" : { "default_width" : null,
        "slot" : "center"
      },
    "model" : "cms.placeholder",
    "pk" : 79
  },
  { "fields" : { "default_width" : null,
        "slot" : "center"
      },
    "model" : "cms.placeholder",
    "pk" : 80
  },
  { "fields" : { "default_width" : null,
        "slot" : "center"
      },
    "model" : "cms.placeholder",
    "pk" : 81
  },
  { "fields" : { "default_width" : null,
        "slot" : "center"
      },
    "model" : "cms.placeholder",
    "pk" : 82
  },
  { "fields" : { "default_width" : null,
        "slot" : "right"
      },
    "model" : "cms.placeholder",
    "pk" : 83
  },
  { "fields" : { "default_width" : null,
        "slot" : "left"
      },
    "model" : "cms.placeholder",
    "pk" : 84
  },
  { "fields" : { "default_width" : null,
        "slot" : "right"
      },
    "model" : "cms.placeholder",
    "pk" : 85
  },
  { "fields" : { "default_width" : null,
        "slot" : "left"
      },
    "model" : "cms.placeholder",
    "pk" : 86
  },
  { "fields" : { "default_width" : null,
        "slot" : "right"
      },
    "model" : "cms.placeholder",
    "pk" : 87
  },
  { "fields" : { "default_width" : null,
        "slot" : "left"
      },
    "model" : "cms.placeholder",
    "pk" : 88
  },
  { "fields" : { "default_width" : null,
        "slot" : "right"
      },
    "model" : "cms.placeholder",
    "pk" : 89
  },
  { "fields" : { "default_width" : null,
        "slot" : "left"
      },
    "model" : "cms.placeholder",
    "pk" : 90
  },
  { "fields" : { "default_width" : null,
        "slot" : "center"
      },
    "model" : "cms.placeholder",
    "pk" : 91
  },
  { "fields" : { "default_width" : null,
        "slot" : "right"
      },
    "model" : "cms.placeholder",
    "pk" : 92
  },
  { "fields" : { "default_width" : null,
        "slot" : "left"
      },
    "model" : "cms.placeholder",
    "pk" : 93
  },
  { "fields" : { "default_width" : null,
        "slot" : "right"
      },
    "model" : "cms.placeholder",
    "pk" : 94
  },
  { "fields" : { "default_width" : null,
        "slot" : "left"
      },
    "model" : "cms.placeholder",
    "pk" : 95
  },
  { "fields" : { "default_width" : null,
        "slot" : "center"
      },
    "model" : "cms.placeholder",
    "pk" : 96
  },
  { "fields" : { "default_width" : null,
        "slot" : "right"
      },
    "model" : "cms.placeholder",
    "pk" : 97
  },
  { "fields" : { "default_width" : null,
        "slot" : "left"
      },
    "model" : "cms.placeholder",
    "pk" : 98
  },
  { "fields" : { "default_width" : null,
        "slot" : "center"
      },
    "model" : "cms.placeholder",
    "pk" : 99
  },
  { "fields" : { "default_width" : null,
        "slot" : "right"
      },
    "model" : "cms.placeholder",
    "pk" : 100
  },
  { "fields" : { "default_width" : null,
        "slot" : "left"
      },
    "model" : "cms.placeholder",
    "pk" : 101
  },
  { "fields" : { "default_width" : null,
        "slot" : "right"
      },
    "model" : "cms.placeholder",
    "pk" : 102
  },
  { "fields" : { "default_width" : null,
        "slot" : "left"
      },
    "model" : "cms.placeholder",
    "pk" : 103
  },
  { "fields" : { "default_width" : null,
        "slot" : "center"
      },
    "model" : "cms.placeholder",
    "pk" : 104
  },
  { "fields" : { "default_width" : null,
        "slot" : "right"
      },
    "model" : "cms.placeholder",
    "pk" : 105
  },
  { "fields" : { "default_width" : null,
        "slot" : "left"
      },
    "model" : "cms.placeholder",
    "pk" : 106
  },
  { "fields" : { "default_width" : null,
        "slot" : "right"
      },
    "model" : "cms.placeholder",
    "pk" : 107
  },
  { "fields" : { "default_width" : null,
        "slot" : "left"
      },
    "model" : "cms.placeholder",
    "pk" : 108
  },
  { "fields" : { "default_width" : null,
        "slot" : "right"
      },
    "model" : "cms.placeholder",
    "pk" : 109
  },
  { "fields" : { "default_width" : null,
        "slot" : "left"
      },
    "model" : "cms.placeholder",
    "pk" : 110
  },
  { "fields" : { "default_width" : null,
        "slot" : "right"
      },
    "model" : "cms.placeholder",
    "pk" : 119
  },
  { "fields" : { "default_width" : null,
        "slot" : "left"
      },
    "model" : "cms.placeholder",
    "pk" : 120
  },
  { "fields" : { "default_width" : null,
        "slot" : "right"
      },
    "model" : "cms.placeholder",
    "pk" : 121
  },
  { "fields" : { "default_width" : null,
        "slot" : "left"
      },
    "model" : "cms.placeholder",
    "pk" : 122
  },
  { "fields" : { "default_width" : null,
        "slot" : "right"
      },
    "model" : "cms.placeholder",
    "pk" : 123
  },
  { "fields" : { "default_width" : null,
        "slot" : "left"
      },
    "model" : "cms.placeholder",
    "pk" : 124
  },
  { "fields" : { "default_width" : null,
        "slot" : "right"
      },
    "model" : "cms.placeholder",
    "pk" : 125
  },
  { "fields" : { "default_width" : null,
        "slot" : "left"
      },
    "model" : "cms.placeholder",
    "pk" : 126
  },
  { "fields" : { "default_width" : null,
        "slot" : "right"
      },
    "model" : "cms.placeholder",
    "pk" : 127
  },
  { "fields" : { "default_width" : null,
        "slot" : "left"
      },
    "model" : "cms.placeholder",
    "pk" : 128
  },
  { "fields" : { "default_width" : null,
        "slot" : "right"
      },
    "model" : "cms.placeholder",
    "pk" : 129
  },
  { "fields" : { "default_width" : null,
        "slot" : "left"
      },
    "model" : "cms.placeholder",
    "pk" : 130
  },
  { "fields" : { "default_width" : null,
        "slot" : "right"
      },
    "model" : "cms.placeholder",
    "pk" : 131
  },
  { "fields" : { "default_width" : null,
        "slot" : "left"
      },
    "model" : "cms.placeholder",
    "pk" : 132
  },
  { "fields" : { "default_width" : null,
        "slot" : "right"
      },
    "model" : "cms.placeholder",
    "pk" : 133
  },
  { "fields" : { "default_width" : null,
        "slot" : "left"
      },
    "model" : "cms.placeholder",
    "pk" : 134
  },
  { "fields" : { "default_width" : null,
        "slot" : "right"
      },
    "model" : "cms.placeholder",
    "pk" : 135
  },
  { "fields" : { "default_width" : null,
        "slot" : "left"
      },
    "model" : "cms.placeholder",
    "pk" : 136
  },
  { "fields" : { "default_width" : null,
        "slot" : "right"
      },
    "model" : "cms.placeholder",
    "pk" : 137
  },
  { "fields" : { "default_width" : null,
        "slot" : "left"
      },
    "model" : "cms.placeholder",
    "pk" : 138
  },
  { "fields" : { "default_width" : null,
        "slot" : "right"
      },
    "model" : "cms.placeholder",
    "pk" : 139
  },
  { "fields" : { "default_width" : null,
        "slot" : "left"
      },
    "model" : "cms.placeholder",
    "pk" : 140
  },
  { "fields" : { "default_width" : null,
        "slot" : "right"
      },
    "model" : "cms.placeholder",
    "pk" : 141
  },
  { "fields" : { "default_width" : null,
        "slot" : "left"
      },
    "model" : "cms.placeholder",
    "pk" : 142
  },
  { "fields" : { "default_width" : null,
        "slot" : "right"
      },
    "model" : "cms.placeholder",
    "pk" : 143
  },
  { "fields" : { "default_width" : null,
        "slot" : "left"
      },
    "model" : "cms.placeholder",
    "pk" : 144
  },
  { "fields" : { "default_width" : null,
        "slot" : "right"
      },
    "model" : "cms.placeholder",
    "pk" : 145
  },
  { "fields" : { "default_width" : null,
        "slot" : "left"
      },
    "model" : "cms.placeholder",
    "pk" : 146
  },
  { "fields" : { "default_width" : null,
        "slot" : "admin-links"
      },
    "model" : "cms.placeholder",
    "pk" : 147
  },
  { "fields" : { "default_width" : null,
        "slot" : "admin-links"
      },
    "model" : "cms.placeholder",
    "pk" : 148
  },
  { "fields" : { "default_width" : null,
        "slot" : "admin-links"
      },
    "model" : "cms.placeholder",
    "pk" : 149
  },
  { "fields" : { "default_width" : null,
        "slot" : "admin-links"
      },
    "model" : "cms.placeholder",
    "pk" : 150
  },
  { "fields" : { "default_width" : null,
        "slot" : "admin-links"
      },
    "model" : "cms.placeholder",
    "pk" : 151
  },
  { "fields" : { "default_width" : null,
        "slot" : "admin-links"
      },
    "model" : "cms.placeholder",
    "pk" : 152
  },
  { "fields" : { "default_width" : null,
        "slot" : "admin-links"
      },
    "model" : "cms.placeholder",
    "pk" : 153
  },
  { "fields" : { "default_width" : null,
        "slot" : "right"
      },
    "model" : "cms.placeholder",
    "pk" : 154
  },
  { "fields" : { "default_width" : null,
        "slot" : "admin-links"
      },
    "model" : "cms.placeholder",
    "pk" : 155
  },
  { "fields" : { "default_width" : null,
        "slot" : "left"
      },
    "model" : "cms.placeholder",
    "pk" : 156
  },
  { "fields" : { "default_width" : null,
        "slot" : "right"
      },
    "model" : "cms.placeholder",
    "pk" : 157
  },
  { "fields" : { "default_width" : null,
        "slot" : "admin-links"
      },
    "model" : "cms.placeholder",
    "pk" : 158
  },
  { "fields" : { "default_width" : null,
        "slot" : "left"
      },
    "model" : "cms.placeholder",
    "pk" : 159
  },
  { "fields" : { "default_width" : null,
        "slot" : "right"
      },
    "model" : "cms.placeholder",
    "pk" : 160
  },
  { "fields" : { "default_width" : null,
        "slot" : "left"
      },
    "model" : "cms.placeholder",
    "pk" : 161
  },
  { "fields" : { "default_width" : null,
        "slot" : "right"
      },
    "model" : "cms.placeholder",
    "pk" : 162
  },
  { "fields" : { "default_width" : null,
        "slot" : "admin-links"
      },
    "model" : "cms.placeholder",
    "pk" : 163
  },
  { "fields" : { "default_width" : null,
        "slot" : "left"
      },
    "model" : "cms.placeholder",
    "pk" : 164
  },
  { "fields" : { "default_width" : null,
        "slot" : "center"
      },
    "model" : "cms.placeholder",
    "pk" : 165
  },
  { "fields" : { "default_width" : null,
        "slot" : "admin-links"
      },
    "model" : "cms.placeholder",
    "pk" : 166
  },
  { "fields" : { "default_width" : null,
        "slot" : "center"
      },
    "model" : "cms.placeholder",
    "pk" : 167
  },
  { "fields" : { "default_width" : null,
        "slot" : "admin-links"
      },
    "model" : "cms.placeholder",
    "pk" : 168
  },
  { "fields" : { "default_width" : null,
        "slot" : "center"
      },
    "model" : "cms.placeholder",
    "pk" : 169
  },
  { "fields" : { "default_width" : null,
        "slot" : "admin-links"
      },
    "model" : "cms.placeholder",
    "pk" : 170
  },
  { "fields" : { "default_width" : null,
        "slot" : "right"
      },
    "model" : "cms.placeholder",
    "pk" : 171
  },
  { "fields" : { "default_width" : null,
        "slot" : "admin-links"
      },
    "model" : "cms.placeholder",
    "pk" : 172
  },
  { "fields" : { "default_width" : null,
        "slot" : "left"
      },
    "model" : "cms.placeholder",
    "pk" : 173
  },
  { "fields" : { "default_width" : null,
        "slot" : "center"
      },
    "model" : "cms.placeholder",
    "pk" : 174
  },
  { "fields" : { "default_width" : null,
        "slot" : "right"
      },
    "model" : "cms.placeholder",
    "pk" : 175
  },
  { "fields" : { "default_width" : null,
        "slot" : "admin-links"
      },
    "model" : "cms.placeholder",
    "pk" : 176
  },
  { "fields" : { "default_width" : null,
        "slot" : "left"
      },
    "model" : "cms.placeholder",
    "pk" : 177
  },
  { "fields" : { "default_width" : null,
        "slot" : "right"
      },
    "model" : "cms.placeholder",
    "pk" : 178
  },
  { "fields" : { "default_width" : null,
        "slot" : "admin-links"
      },
    "model" : "cms.placeholder",
    "pk" : 179
  },
  { "fields" : { "default_width" : null,
        "slot" : "left"
      },
    "model" : "cms.placeholder",
    "pk" : 180
  },
  { "fields" : { "default_width" : null,
        "slot" : "right"
      },
    "model" : "cms.placeholder",
    "pk" : 181
  },
  { "fields" : { "default_width" : null,
        "slot" : "admin-links"
      },
    "model" : "cms.placeholder",
    "pk" : 182
  },
  { "fields" : { "default_width" : null,
        "slot" : "left"
      },
    "model" : "cms.placeholder",
    "pk" : 183
  },
  { "fields" : { "default_width" : null,
        "slot" : "center"
      },
    "model" : "cms.placeholder",
    "pk" : 184
  },
  { "fields" : { "default_width" : null,
        "slot" : "admin-links"
      },
    "model" : "cms.placeholder",
    "pk" : 185
  },
  { "fields" : { "default_width" : null,
        "slot" : "right"
      },
    "model" : "cms.placeholder",
    "pk" : 186
  },
  { "fields" : { "default_width" : null,
        "slot" : "admin-links"
      },
    "model" : "cms.placeholder",
    "pk" : 187
  },
  { "fields" : { "default_width" : null,
        "slot" : "left"
      },
    "model" : "cms.placeholder",
    "pk" : 188
  },
  { "fields" : { "default_width" : null,
        "slot" : "right"
      },
    "model" : "cms.placeholder",
    "pk" : 189
  },
  { "fields" : { "default_width" : null,
        "slot" : "admin-links"
      },
    "model" : "cms.placeholder",
    "pk" : 190
  },
  { "fields" : { "default_width" : null,
        "slot" : "left"
      },
    "model" : "cms.placeholder",
    "pk" : 191
  },
  { "fields" : { "default_width" : null,
        "slot" : "center"
      },
    "model" : "cms.placeholder",
    "pk" : 192
  },
  { "fields" : { "default_width" : null,
        "slot" : "admin-links"
      },
    "model" : "cms.placeholder",
    "pk" : 193
  },
  { "fields" : { "default_width" : null,
        "slot" : "right"
      },
    "model" : "cms.placeholder",
    "pk" : 194
  },
  { "fields" : { "default_width" : null,
        "slot" : "left"
      },
    "model" : "cms.placeholder",
    "pk" : 195
  },
  { "fields" : { "default_width" : null,
        "slot" : "right"
      },
    "model" : "cms.placeholder",
    "pk" : 196
  },
  { "fields" : { "default_width" : null,
        "slot" : "admin-links"
      },
    "model" : "cms.placeholder",
    "pk" : 197
  },
  { "fields" : { "default_width" : null,
        "slot" : "left"
      },
    "model" : "cms.placeholder",
    "pk" : 198
  },
  { "fields" : { "default_width" : null,
        "slot" : "center"
      },
    "model" : "cms.placeholder",
    "pk" : 199
  },
  { "fields" : { "default_width" : null,
        "slot" : "center"
      },
    "model" : "cms.placeholder",
    "pk" : 200
  },
  { "fields" : { "default_width" : null,
        "slot" : "right"
      },
    "model" : "cms.placeholder",
    "pk" : 201
  },
  { "fields" : { "default_width" : null,
        "slot" : "admin-links"
      },
    "model" : "cms.placeholder",
    "pk" : 202
  },
  { "fields" : { "default_width" : null,
        "slot" : "left"
      },
    "model" : "cms.placeholder",
    "pk" : 203
  },
  { "fields" : { "default_width" : null,
        "slot" : "right"
      },
    "model" : "cms.placeholder",
    "pk" : 204
  },
  { "fields" : { "default_width" : null,
        "slot" : "admin-links"
      },
    "model" : "cms.placeholder",
    "pk" : 205
  },
  { "fields" : { "default_width" : null,
        "slot" : "left"
      },
    "model" : "cms.placeholder",
    "pk" : 206
  },
  { "fields" : { "default_width" : null,
        "slot" : "right"
      },
    "model" : "cms.placeholder",
    "pk" : 207
  },
  { "fields" : { "default_width" : null,
        "slot" : "admin-links"
      },
    "model" : "cms.placeholder",
    "pk" : 208
  },
  { "fields" : { "default_width" : null,
        "slot" : "left"
      },
    "model" : "cms.placeholder",
    "pk" : 209
  },
  { "fields" : { "default_width" : null,
        "slot" : "right"
      },
    "model" : "cms.placeholder",
    "pk" : 210
  },
  { "fields" : { "default_width" : null,
        "slot" : "admin-links"
      },
    "model" : "cms.placeholder",
    "pk" : 211
  },
  { "fields" : { "default_width" : null,
        "slot" : "left"
      },
    "model" : "cms.placeholder",
    "pk" : 212
  },
  { "fields" : { "default_width" : null,
        "slot" : "right"
      },
    "model" : "cms.placeholder",
    "pk" : 213
  },
  { "fields" : { "default_width" : null,
        "slot" : "admin-links"
      },
    "model" : "cms.placeholder",
    "pk" : 214
  },
  { "fields" : { "default_width" : null,
        "slot" : "left"
      },
    "model" : "cms.placeholder",
    "pk" : 215
  },
  { "fields" : { "default_width" : null,
        "slot" : "right"
      },
    "model" : "cms.placeholder",
    "pk" : 216
  },
  { "fields" : { "default_width" : null,
        "slot" : "admin-links"
      },
    "model" : "cms.placeholder",
    "pk" : 217
  },
  { "fields" : { "default_width" : null,
        "slot" : "left"
      },
    "model" : "cms.placeholder",
    "pk" : 218
  },
  { "fields" : { "default_width" : null,
        "slot" : "right"
      },
    "model" : "cms.placeholder",
    "pk" : 219
  },
  { "fields" : { "default_width" : null,
        "slot" : "admin-links"
      },
    "model" : "cms.placeholder",
    "pk" : 220
  },
  { "fields" : { "default_width" : null,
        "slot" : "left"
      },
    "model" : "cms.placeholder",
    "pk" : 221
  },
  { "fields" : { "default_width" : null,
        "slot" : "right"
      },
    "model" : "cms.placeholder",
    "pk" : 222
  },
  { "fields" : { "default_width" : null,
        "slot" : "admin-links"
      },
    "model" : "cms.placeholder",
    "pk" : 223
  },
  { "fields" : { "default_width" : null,
        "slot" : "left"
      },
    "model" : "cms.placeholder",
    "pk" : 224
  },
  { "fields" : { "default_width" : null,
        "slot" : "right"
      },
    "model" : "cms.placeholder",
    "pk" : 225
  },
  { "fields" : { "default_width" : null,
        "slot" : "admin-links"
      },
    "model" : "cms.placeholder",
    "pk" : 226
  },
  { "fields" : { "default_width" : null,
        "slot" : "left"
      },
    "model" : "cms.placeholder",
    "pk" : 227
  },
  { "fields" : { "default_width" : null,
        "slot" : "right"
      },
    "model" : "cms.placeholder",
    "pk" : 228
  },
  { "fields" : { "default_width" : null,
        "slot" : "admin-links"
      },
    "model" : "cms.placeholder",
    "pk" : 229
  },
  { "fields" : { "default_width" : null,
        "slot" : "left"
      },
    "model" : "cms.placeholder",
    "pk" : 230
  },
  { "fields" : { "default_width" : null,
        "slot" : "right"
      },
    "model" : "cms.placeholder",
    "pk" : 231
  },
  { "fields" : { "default_width" : null,
        "slot" : "admin-links"
      },
    "model" : "cms.placeholder",
    "pk" : 232
  },
  { "fields" : { "default_width" : null,
        "slot" : "left"
      },
    "model" : "cms.placeholder",
    "pk" : 233
  },
  { "fields" : { "default_width" : null,
        "slot" : "right"
      },
    "model" : "cms.placeholder",
    "pk" : 234
  },
  { "fields" : { "default_width" : null,
        "slot" : "admin-links"
      },
    "model" : "cms.placeholder",
    "pk" : 235
  },
  { "fields" : { "default_width" : null,
        "slot" : "left"
      },
    "model" : "cms.placeholder",
    "pk" : 236
  },
  { "fields" : { "default_width" : null,
        "slot" : "right"
      },
    "model" : "cms.placeholder",
    "pk" : 237
  },
  { "fields" : { "default_width" : null,
        "slot" : "admin-links"
      },
    "model" : "cms.placeholder",
    "pk" : 238
  },
  { "fields" : { "default_width" : null,
        "slot" : "left"
      },
    "model" : "cms.placeholder",
    "pk" : 239
  },
  { "fields" : { "default_width" : null,
        "slot" : "right"
      },
    "model" : "cms.placeholder",
    "pk" : 240
  },
  { "fields" : { "default_width" : null,
        "slot" : "admin-links"
      },
    "model" : "cms.placeholder",
    "pk" : 241
  },
  { "fields" : { "default_width" : null,
        "slot" : "left"
      },
    "model" : "cms.placeholder",
    "pk" : 242
  },
  { "fields" : { "default_width" : null,
        "slot" : "right"
      },
    "model" : "cms.placeholder",
    "pk" : 243
  },
  { "fields" : { "default_width" : null,
        "slot" : "admin-links"
      },
    "model" : "cms.placeholder",
    "pk" : 244
  },
  { "fields" : { "default_width" : null,
        "slot" : "left"
      },
    "model" : "cms.placeholder",
    "pk" : 245
  },
  { "fields" : { "default_width" : null,
        "slot" : "right"
      },
    "model" : "cms.placeholder",
    "pk" : 246
  },
  { "fields" : { "default_width" : null,
        "slot" : "admin-links"
      },
    "model" : "cms.placeholder",
    "pk" : 247
  },
  { "fields" : { "default_width" : null,
        "slot" : "left"
      },
    "model" : "cms.placeholder",
    "pk" : 248
  },
  { "fields" : { "default_width" : null,
        "slot" : "right"
      },
    "model" : "cms.placeholder",
    "pk" : 249
  },
  { "fields" : { "default_width" : null,
        "slot" : "admin-links"
      },
    "model" : "cms.placeholder",
    "pk" : 250
  },
  { "fields" : { "default_width" : null,
        "slot" : "left"
      },
    "model" : "cms.placeholder",
    "pk" : 251
  },
  { "fields" : { "default_width" : null,
        "slot" : "right"
      },
    "model" : "cms.placeholder",
    "pk" : 252
  },
  { "fields" : { "default_width" : null,
        "slot" : "admin-links"
      },
    "model" : "cms.placeholder",
    "pk" : 253
  },
  { "fields" : { "default_width" : null,
        "slot" : "left"
      },
    "model" : "cms.placeholder",
    "pk" : 254
  },
  { "fields" : { "default_width" : null,
        "slot" : "right"
      },
    "model" : "cms.placeholder",
    "pk" : 255
  },
  { "fields" : { "default_width" : null,
        "slot" : "admin-links"
      },
    "model" : "cms.placeholder",
    "pk" : 256
  },
  { "fields" : { "default_width" : null,
        "slot" : "left"
      },
    "model" : "cms.placeholder",
    "pk" : 257
  },
  { "fields" : { "default_width" : null,
        "slot" : "right"
      },
    "model" : "cms.placeholder",
    "pk" : 258
  },
  { "fields" : { "default_width" : null,
        "slot" : "admin-links"
      },
    "model" : "cms.placeholder",
    "pk" : 259
  },
  { "fields" : { "default_width" : null,
        "slot" : "left"
      },
    "model" : "cms.placeholder",
    "pk" : 260
  },
  { "fields" : { "default_width" : null,
        "slot" : "right"
      },
    "model" : "cms.placeholder",
    "pk" : 261
  },
  { "fields" : { "default_width" : null,
        "slot" : "admin-links"
      },
    "model" : "cms.placeholder",
    "pk" : 262
  },
  { "fields" : { "default_width" : null,
        "slot" : "left"
      },
    "model" : "cms.placeholder",
    "pk" : 263
  },
  { "fields" : { "default_width" : null,
        "slot" : "right"
      },
    "model" : "cms.placeholder",
    "pk" : 264
  },
  { "fields" : { "default_width" : null,
        "slot" : "admin-links"
      },
    "model" : "cms.placeholder",
    "pk" : 265
  },
  { "fields" : { "default_width" : null,
        "slot" : "left"
      },
    "model" : "cms.placeholder",
    "pk" : 266
  },
  { "fields" : { "default_width" : null,
        "slot" : "right"
      },
    "model" : "cms.placeholder",
    "pk" : 267
  },
  { "fields" : { "default_width" : null,
        "slot" : "admin-links"
      },
    "model" : "cms.placeholder",
    "pk" : 268
  },
  { "fields" : { "default_width" : null,
        "slot" : "left"
      },
    "model" : "cms.placeholder",
    "pk" : 269
  },
  { "fields" : { "default_width" : null,
        "slot" : "right"
      },
    "model" : "cms.placeholder",
    "pk" : 270
  },
  { "fields" : { "default_width" : null,
        "slot" : "admin-links"
      },
    "model" : "cms.placeholder",
    "pk" : 271
  },
  { "fields" : { "default_width" : null,
        "slot" : "left"
      },
    "model" : "cms.placeholder",
    "pk" : 272
  },
  { "fields" : { "default_width" : null,
        "slot" : "right"
      },
    "model" : "cms.placeholder",
    "pk" : 273
  },
  { "fields" : { "default_width" : null,
        "slot" : "admin-links"
      },
    "model" : "cms.placeholder",
    "pk" : 274
  },
  { "fields" : { "default_width" : null,
        "slot" : "left"
      },
    "model" : "cms.placeholder",
    "pk" : 275
  },
  { "fields" : { "default_width" : null,
        "slot" : "right"
      },
    "model" : "cms.placeholder",
    "pk" : 276
  },
  { "fields" : { "default_width" : null,
        "slot" : "admin-links"
      },
    "model" : "cms.placeholder",
    "pk" : 277
  },
  { "fields" : { "default_width" : null,
        "slot" : "left"
      },
    "model" : "cms.placeholder",
    "pk" : 278
  },
  { "fields" : { "default_width" : null,
        "slot" : "right"
      },
    "model" : "cms.placeholder",
    "pk" : 279
  },
  { "fields" : { "default_width" : null,
        "slot" : "admin-links"
      },
    "model" : "cms.placeholder",
    "pk" : 280
  },
  { "fields" : { "default_width" : null,
        "slot" : "left"
      },
    "model" : "cms.placeholder",
    "pk" : 281
  },
  { "fields" : { "default_width" : null,
        "slot" : "right"
      },
    "model" : "cms.placeholder",
    "pk" : 282
  },
  { "fields" : { "default_width" : null,
        "slot" : "admin-links"
      },
    "model" : "cms.placeholder",
    "pk" : 283
  },
  { "fields" : { "default_width" : null,
        "slot" : "left"
      },
    "model" : "cms.placeholder",
    "pk" : 284
  },
  { "fields" : { "default_width" : null,
        "slot" : "right"
      },
    "model" : "cms.placeholder",
    "pk" : 285
  },
  { "fields" : { "default_width" : null,
        "slot" : "admin-links"
      },
    "model" : "cms.placeholder",
    "pk" : 286
  },
  { "fields" : { "default_width" : null,
        "slot" : "left"
      },
    "model" : "cms.placeholder",
    "pk" : 287
  },
  { "fields" : { "default_width" : null,
        "slot" : "right"
      },
    "model" : "cms.placeholder",
    "pk" : 288
  },
  { "fields" : { "default_width" : null,
        "slot" : "admin-links"
      },
    "model" : "cms.placeholder",
    "pk" : 289
  },
  { "fields" : { "default_width" : null,
        "slot" : "left"
      },
    "model" : "cms.placeholder",
    "pk" : 290
  },
  { "fields" : { "default_width" : null,
        "slot" : "right"
      },
    "model" : "cms.placeholder",
    "pk" : 291
  },
  { "fields" : { "default_width" : null,
        "slot" : "admin-links"
      },
    "model" : "cms.placeholder",
    "pk" : 292
  },
  { "fields" : { "default_width" : null,
        "slot" : "left"
      },
    "model" : "cms.placeholder",
    "pk" : 293
  },
  { "fields" : { "default_width" : null,
        "slot" : "right"
      },
    "model" : "cms.placeholder",
    "pk" : 294
  },
  { "fields" : { "default_width" : null,
        "slot" : "admin-links"
      },
    "model" : "cms.placeholder",
    "pk" : 295
  },
  { "fields" : { "default_width" : null,
        "slot" : "left"
      },
    "model" : "cms.placeholder",
    "pk" : 296
  },
  { "fields" : { "default_width" : null,
        "slot" : "right"
      },
    "model" : "cms.placeholder",
    "pk" : 297
  },
  { "fields" : { "default_width" : null,
        "slot" : "admin-links"
      },
    "model" : "cms.placeholder",
    "pk" : 298
  },
  { "fields" : { "default_width" : null,
        "slot" : "left"
      },
    "model" : "cms.placeholder",
    "pk" : 299
  },
  { "fields" : { "default_width" : null,
        "slot" : "admin-links"
      },
    "model" : "cms.placeholder",
    "pk" : 300
  },
  { "fields" : { "default_width" : null,
        "slot" : "center"
      },
    "model" : "cms.placeholder",
    "pk" : 301
  },
  { "fields" : { "default_width" : null,
        "slot" : "center"
      },
    "model" : "cms.placeholder",
    "pk" : 302
  },
  { "fields" : { "default_width" : null,
        "slot" : "right"
      },
    "model" : "cms.placeholder",
    "pk" : 303
  },
  { "fields" : { "default_width" : null,
        "slot" : "admin-links"
      },
    "model" : "cms.placeholder",
    "pk" : 304
  },
  { "fields" : { "default_width" : null,
        "slot" : "left"
      },
    "model" : "cms.placeholder",
    "pk" : 305
  },
  { "fields" : { "default_width" : null,
        "slot" : "admin-links"
      },
    "model" : "cms.placeholder",
    "pk" : 306
  },
  { "fields" : { "changed_date" : "2013-04-17T19:18:02.382",
        "creation_date" : "2013-04-17T19:18:02.372",
        "language" : "fr",
        "level" : 0,
        "lft" : 1,
        "parent" : null,
        "placeholder" : 4,
        "plugin_type" : "TextPlugin",
        "position" : 4,
        "rght" : 2,
        "tree_id" : 132
      },
    "model" : "cms.cmsplugin",
    "pk" : 595
  },
  { "fields" : { "changed_date" : "2013-04-17T19:18:02.413",
        "creation_date" : "2013-04-17T19:18:02.402",
        "language" : "fr",
        "level" : 0,
        "lft" : 1,
        "parent" : null,
        "placeholder" : 4,
        "plugin_type" : "LinkPlugin",
        "position" : 5,
        "rght" : 2,
        "tree_id" : 133
      },
    "model" : "cms.cmsplugin",
    "pk" : 596
  },
  { "fields" : { "changed_date" : "2013-04-17T19:18:02.443",
        "creation_date" : "2013-04-17T19:18:02.433",
        "language" : "fr",
        "level" : 0,
        "lft" : 1,
        "parent" : null,
        "placeholder" : 4,
        "plugin_type" : "LinkPlugin",
        "position" : 6,
        "rght" : 2,
        "tree_id" : 134
      },
    "model" : "cms.cmsplugin",
    "pk" : 597
  },
  { "fields" : { "changed_date" : "2013-04-17T19:18:02.472",
        "creation_date" : "2013-04-17T19:18:02.462",
        "language" : "fr",
        "level" : 0,
        "lft" : 1,
        "parent" : null,
        "placeholder" : 4,
        "plugin_type" : "LinkPlugin",
        "position" : 2,
        "rght" : 2,
        "tree_id" : 135
      },
    "model" : "cms.cmsplugin",
    "pk" : 598
  },
  { "fields" : { "changed_date" : "2013-04-17T19:18:02.502",
        "creation_date" : "2013-04-17T19:18:02.492",
        "language" : "fr",
        "level" : 0,
        "lft" : 1,
        "parent" : null,
        "placeholder" : 4,
        "plugin_type" : "LinkPlugin",
        "position" : 3,
        "rght" : 2,
        "tree_id" : 136
      },
    "model" : "cms.cmsplugin",
    "pk" : 599
  },
  { "fields" : { "changed_date" : "2013-04-17T19:18:02.531",
        "creation_date" : "2013-04-17T19:18:02.521",
        "language" : "fr",
        "level" : 0,
        "lft" : 1,
        "parent" : null,
        "placeholder" : 4,
        "plugin_type" : "LinkPlugin",
        "position" : 1,
        "rght" : 2,
        "tree_id" : 137
      },
    "model" : "cms.cmsplugin",
    "pk" : 600
  },
  { "fields" : { "changed_date" : "2013-04-17T19:18:02.560",
        "creation_date" : "2013-04-17T19:18:02.550",
        "language" : "fr",
        "level" : 0,
        "lft" : 1,
        "parent" : null,
        "placeholder" : 4,
        "plugin_type" : "TextPlugin",
        "position" : 0,
        "rght" : 2,
        "tree_id" : 138
      },
    "model" : "cms.cmsplugin",
    "pk" : 601
  },
  { "fields" : { "changed_date" : "2013-04-17T19:18:02.731",
        "creation_date" : "2013-03-19T16:54:03.304",
        "language" : "fr",
        "level" : 0,
        "lft" : 1,
        "parent" : null,
        "placeholder" : 5,
        "plugin_type" : "A2ServiceListPlugin",
        "position" : 0,
        "rght" : 2,
        "tree_id" : 139
      },
    "model" : "cms.cmsplugin",
    "pk" : 602
  },
  { "fields" : { "changed_date" : "2013-04-17T19:18:02.819",
        "creation_date" : "2013-03-21T09:17:08.384",
        "language" : "fr",
        "level" : 0,
        "lft" : 1,
        "parent" : null,
        "placeholder" : 5,
        "plugin_type" : "DataSourcePlugin",
        "position" : 2,
        "rght" : 2,
        "tree_id" : 140
      },
    "model" : "cms.cmsplugin",
    "pk" : 603
  },
  { "fields" : { "changed_date" : "2013-04-17T19:18:02.938",
        "creation_date" : "2013-03-21T15:08:42.833",
        "language" : "fr",
        "level" : 0,
        "lft" : 1,
        "parent" : null,
        "placeholder" : 5,
        "plugin_type" : "RawInlineTemplatePlugin",
        "position" : 3,
        "rght" : 2,
        "tree_id" : 141
      },
    "model" : "cms.cmsplugin",
    "pk" : 604
  },
  { "fields" : { "changed_date" : "2013-04-17T19:18:03.026",
        "creation_date" : "2013-03-21T15:10:39.535",
        "language" : "fr",
        "level" : 0,
        "lft" : 1,
        "parent" : null,
        "placeholder" : 5,
        "plugin_type" : "DataSourcePlugin",
        "position" : 4,
        "rght" : 2,
        "tree_id" : 142
      },
    "model" : "cms.cmsplugin",
    "pk" : 605
  },
  { "fields" : { "changed_date" : "2013-04-17T19:18:03.166",
        "creation_date" : "2013-03-19T16:53:50.436",
        "language" : "fr",
        "level" : 0,
        "lft" : 1,
        "parent" : null,
        "placeholder" : 6,
        "plugin_type" : "LoginPlugin",
        "position" : 1,
        "rght" : 2,
        "tree_id" : 143
      },
    "model" : "cms.cmsplugin",
    "pk" : 606
  },
  { "fields" : { "changed_date" : "2013-04-17T19:18:03.227",
        "creation_date" : "2013-04-17T19:18:03.217",
        "language" : "fr",
        "level" : 0,
        "lft" : 1,
        "parent" : null,
        "placeholder" : 6,
        "plugin_type" : "TextPlugin",
        "position" : 0,
        "rght" : 2,
        "tree_id" : 144
      },
    "model" : "cms.cmsplugin",
    "pk" : 607
  },
  { "fields" : { "changed_date" : "2013-04-17T19:18:03.286",
        "creation_date" : "2013-03-29T13:19:18.285",
        "language" : "fr",
        "level" : 0,
        "lft" : 1,
        "parent" : null,
        "placeholder" : 6,
        "plugin_type" : "RawInlineTemplatePlugin",
        "position" : 2,
        "rght" : 2,
        "tree_id" : 145
      },
    "model" : "cms.cmsplugin",
    "pk" : 608
  },
  { "fields" : { "changed_date" : "2013-04-17T19:18:03.376",
        "creation_date" : "2013-04-10T10:51:44.887",
        "language" : "fr",
        "level" : 0,
        "lft" : 1,
        "parent" : null,
        "placeholder" : 6,
        "plugin_type" : "DataSourcePlugin",
        "position" : 3,
        "rght" : 2,
        "tree_id" : 146
      },
    "model" : "cms.cmsplugin",
    "pk" : 609
  },
  { "fields" : { "changed_date" : "2013-05-12T07:28:58.755",
        "creation_date" : "2013-04-17T22:49:51.192",
        "language" : "fr",
        "level" : 0,
        "lft" : 1,
        "parent" : null,
        "placeholder" : 69,
        "plugin_type" : "TextPlugin",
        "position" : 0,
        "rght" : 4,
        "tree_id" : 147
      },
    "model" : "cms.cmsplugin",
    "pk" : 610
  },
  { "fields" : { "changed_date" : "2013-05-06T17:58:23.748",
        "creation_date" : "2013-04-17T23:09:14.427",
        "language" : "fr",
        "level" : 0,
        "lft" : 1,
        "parent" : null,
        "placeholder" : 73,
        "plugin_type" : "TextPlugin",
        "position" : 0,
        "rght" : 2,
        "tree_id" : 151
      },
    "model" : "cms.cmsplugin",
    "pk" : 619
  },
  { "fields" : { "changed_date" : "2013-06-26T11:36:51.731",
        "creation_date" : "2013-04-17T23:09:42.797",
        "language" : "fr",
        "level" : 0,
        "lft" : 1,
        "parent" : null,
        "placeholder" : 73,
        "plugin_type" : "TextPlugin",
        "position" : 3,
        "rght" : 14,
        "tree_id" : 152
      },
    "model" : "cms.cmsplugin",
    "pk" : 620
  },
  { "fields" : { "changed_date" : "2013-05-06T20:24:07.240",
        "creation_date" : "2013-04-18T10:35:06.488",
        "language" : "fr",
        "level" : 0,
        "lft" : 1,
        "parent" : null,
        "placeholder" : 77,
        "plugin_type" : "TextPlugin",
        "position" : 0,
        "rght" : 2,
        "tree_id" : 163
      },
    "model" : "cms.cmsplugin",
    "pk" : 636
  },
  { "fields" : { "changed_date" : "2013-05-06T20:24:56.370",
        "creation_date" : "2013-04-18T10:35:19.946",
        "language" : "fr",
        "level" : 0,
        "lft" : 1,
        "parent" : null,
        "placeholder" : 77,
        "plugin_type" : "LoginPlugin",
        "position" : 1,
        "rght" : 2,
        "tree_id" : 164
      },
    "model" : "cms.cmsplugin",
    "pk" : 637
  },
  { "fields" : { "changed_date" : "2013-04-23T19:01:21.745",
        "creation_date" : "2013-04-23T18:57:49.967",
        "language" : "fr",
        "level" : 0,
        "lft" : 1,
        "parent" : null,
        "placeholder" : 78,
        "plugin_type" : "TextPlugin",
        "position" : 2,
        "rght" : 4,
        "tree_id" : 183
      },
    "model" : "cms.cmsplugin",
    "pk" : 758
  },
  { "fields" : { "changed_date" : "2013-04-23T18:58:20.435",
        "creation_date" : "2013-04-23T18:58:18.595",
        "language" : "fr",
        "level" : 1,
        "lft" : 2,
        "parent" : 758,
        "placeholder" : 78,
        "plugin_type" : "SelectUserFeedPlugin",
        "position" : 0,
        "rght" : 3,
        "tree_id" : 183
      },
    "model" : "cms.cmsplugin",
    "pk" : 759
  },
  { "fields" : { "changed_date" : "2013-05-12T13:52:53.258",
        "creation_date" : "2013-04-23T18:58:42.289",
        "language" : "fr",
        "level" : 0,
        "lft" : 1,
        "parent" : null,
        "placeholder" : 78,
        "plugin_type" : "TextPlugin",
        "position" : 3,
        "rght" : 4,
        "tree_id" : 184
      },
    "model" : "cms.cmsplugin",
    "pk" : 760
  },
  { "fields" : { "changed_date" : "2013-04-24T09:39:02.605",
        "creation_date" : "2013-04-23T18:59:03.038",
        "language" : "fr",
        "level" : 1,
        "lft" : 2,
        "parent" : 760,
        "placeholder" : 78,
        "plugin_type" : "DataSourcePlugin",
        "position" : 1,
        "rght" : 3,
        "tree_id" : 184
      },
    "model" : "cms.cmsplugin",
    "pk" : 761
  },
  { "fields" : { "changed_date" : "2013-05-06T18:00:23.811",
        "creation_date" : "2013-04-24T03:43:37.027",
        "language" : "fr",
        "level" : 0,
        "lft" : 1,
        "parent" : null,
        "placeholder" : 73,
        "plugin_type" : "TextPlugin",
        "position" : 1,
        "rght" : 2,
        "tree_id" : 187
      },
    "model" : "cms.cmsplugin",
    "pk" : 770
  },
  { "fields" : { "changed_date" : "2013-05-06T18:16:44.926",
        "creation_date" : "2013-04-24T03:43:37.032",
        "language" : "fr",
        "level" : 0,
        "lft" : 1,
        "parent" : null,
        "placeholder" : 73,
        "plugin_type" : "TextPlugin",
        "position" : 2,
        "rght" : 2,
        "tree_id" : 188
      },
    "model" : "cms.cmsplugin",
    "pk" : 771
  },
  { "fields" : { "changed_date" : "2013-06-26T09:12:35.796",
        "creation_date" : "2013-04-17T23:21:00.789",
        "language" : "fr",
        "level" : 0,
        "lft" : 1,
        "parent" : null,
        "placeholder" : 74,
        "plugin_type" : "TextPlugin",
        "position" : 2,
        "rght" : 10,
        "tree_id" : 191
      },
    "model" : "cms.cmsplugin",
    "pk" : 776
  },
  { "fields" : { "changed_date" : "2013-06-26T09:09:47.941",
        "creation_date" : "2013-04-17T23:23:01.669",
        "language" : "fr",
        "level" : 0,
        "lft" : 1,
        "parent" : null,
        "placeholder" : 74,
        "plugin_type" : "TextPlugin",
        "position" : 1,
        "rght" : 18,
        "tree_id" : 194
      },
    "model" : "cms.cmsplugin",
    "pk" : 781
  },
  { "fields" : { "changed_date" : "2013-05-12T07:17:10.496",
        "creation_date" : "2013-05-06T18:09:45.832",
        "language" : "fr",
        "level" : 1,
        "lft" : 6,
        "parent" : 776,
        "placeholder" : 74,
        "plugin_type" : "ShowUserFeedPlugin",
        "position" : 3,
        "rght" : 7,
        "tree_id" : 191
      },
    "model" : "cms.cmsplugin",
    "pk" : 1158
  },
  { "fields" : { "changed_date" : "2013-05-13T22:33:35.521",
        "creation_date" : "2013-05-06T18:20:41.631",
        "language" : "fr",
        "level" : 1,
        "lft" : 12,
        "parent" : 620,
        "placeholder" : 73,
        "plugin_type" : "DataSourcePlugin",
        "position" : 0,
        "rght" : 13,
        "tree_id" : 152
      },
    "model" : "cms.cmsplugin",
    "pk" : 1231
  },
  { "fields" : { "changed_date" : "2013-05-06T18:23:54.489",
        "creation_date" : "2013-05-06T18:23:46.648",
        "language" : "fr",
        "level" : 1,
        "lft" : 16,
        "parent" : 781,
        "placeholder" : 74,
        "plugin_type" : "DataSourcePlugin",
        "position" : 0,
        "rght" : 17,
        "tree_id" : 194
      },
    "model" : "cms.cmsplugin",
    "pk" : 1259
  },
  { "fields" : { "changed_date" : "2013-05-06T20:25:05.111",
        "creation_date" : "2013-05-06T20:25:05.109",
        "language" : "fr",
        "level" : 0,
        "lft" : 1,
        "parent" : null,
        "placeholder" : 80,
        "plugin_type" : "TextPlugin",
        "position" : 0,
        "rght" : 2,
        "tree_id" : 243
      },
    "model" : "cms.cmsplugin",
    "pk" : 1288
  },
  { "fields" : { "changed_date" : "2013-05-06T20:25:05.119",
        "creation_date" : "2013-04-18T10:35:19.946",
        "language" : "fr",
        "level" : 0,
        "lft" : 1,
        "parent" : null,
        "placeholder" : 80,
        "plugin_type" : "LoginPlugin",
        "position" : 1,
        "rght" : 2,
        "tree_id" : 244
      },
    "model" : "cms.cmsplugin",
    "pk" : 1289
  },
  { "fields" : { "changed_date" : "2013-05-12T08:16:35.005",
        "creation_date" : "2013-05-07T04:51:36.702",
        "language" : "fr",
        "level" : 0,
        "lft" : 1,
        "parent" : null,
        "placeholder" : 143,
        "plugin_type" : "VideoPlugin",
        "position" : 0,
        "rght" : 2,
        "tree_id" : 245
      },
    "model" : "cms.cmsplugin",
    "pk" : 1290
  },
  { "fields" : { "changed_date" : "2013-05-07T05:10:30.607",
        "creation_date" : "2013-05-07T04:52:15.528",
        "language" : "fr",
        "level" : 0,
        "lft" : 1,
        "parent" : null,
        "placeholder" : 144,
        "plugin_type" : "TextPlugin",
        "position" : 0,
        "rght" : 2,
        "tree_id" : 246
      },
    "model" : "cms.cmsplugin",
    "pk" : 1291
  },
  { "fields" : { "changed_date" : "2013-05-08T09:16:35.183",
        "creation_date" : "2013-05-07T04:53:55.914",
        "language" : "fr",
        "level" : 0,
        "lft" : 1,
        "parent" : null,
        "placeholder" : 144,
        "plugin_type" : "TextPlugin",
        "position" : 1,
        "rght" : 2,
        "tree_id" : 247
      },
    "model" : "cms.cmsplugin",
    "pk" : 1292
  },
  { "fields" : { "changed_date" : "2013-06-26T09:15:17.579",
        "creation_date" : "2013-05-12T07:07:52.469",
        "language" : "fr",
        "level" : 0,
        "lft" : 1,
        "parent" : null,
        "placeholder" : 73,
        "plugin_type" : "TextPlugin",
        "position" : 5,
        "rght" : 2,
        "tree_id" : 259
      },
    "model" : "cms.cmsplugin",
    "pk" : 1337
  },
  { "fields" : { "changed_date" : "2013-05-30T18:32:41.426",
        "creation_date" : "2013-05-14T09:01:23.187",
        "language" : "fr",
        "level" : 0,
        "lft" : 1,
        "parent" : null,
        "placeholder" : 147,
        "plugin_type" : "DataSourcePlugin",
        "position" : 0,
        "rght" : 2,
        "tree_id" : 280
      },
    "model" : "cms.cmsplugin",
    "pk" : 1488
  },
  { "fields" : { "changed_date" : "2013-05-28T17:50:05.965",
        "creation_date" : "2013-05-28T17:50:05.964",
        "language" : "fr",
        "level" : 0,
        "lft" : 1,
        "parent" : null,
        "placeholder" : 69,
        "plugin_type" : "RawInlineTemplatePlugin",
        "position" : 1,
        "rght" : 2,
        "tree_id" : 289
      },
    "model" : "cms.cmsplugin",
    "pk" : 1511
  },
  { "fields" : { "changed_date" : "2013-05-28T17:51:35.193",
        "creation_date" : "2013-05-28T17:50:44.472",
        "language" : "fr",
        "level" : 0,
        "lft" : 1,
        "parent" : null,
        "placeholder" : 69,
        "plugin_type" : "DataSourcePlugin",
        "position" : 2,
        "rght" : 2,
        "tree_id" : 290
      },
    "model" : "cms.cmsplugin",
    "pk" : 1512
  },
  { "fields" : { "changed_date" : "2013-05-28T17:51:40.722",
        "creation_date" : "2013-04-17T22:49:51.192",
        "language" : "fr",
        "level" : 0,
        "lft" : 1,
        "parent" : null,
        "placeholder" : 71,
        "plugin_type" : "TextPlugin",
        "position" : 0,
        "rght" : 2,
        "tree_id" : 291
      },
    "model" : "cms.cmsplugin",
    "pk" : 1513
  },
  { "fields" : { "changed_date" : "2013-05-28T17:51:40.689",
        "creation_date" : "2013-05-28T17:51:40.687",
        "language" : "fr",
        "level" : 0,
        "lft" : 1,
        "parent" : null,
        "placeholder" : 71,
        "plugin_type" : "RawInlineTemplatePlugin",
        "position" : 1,
        "rght" : 2,
        "tree_id" : 292
      },
    "model" : "cms.cmsplugin",
    "pk" : 1514
  },
  { "fields" : { "changed_date" : "2013-05-28T17:51:40.698",
        "creation_date" : "2013-05-28T17:50:44.472",
        "language" : "fr",
        "level" : 0,
        "lft" : 1,
        "parent" : null,
        "placeholder" : 71,
        "plugin_type" : "DataSourcePlugin",
        "position" : 2,
        "rght" : 2,
        "tree_id" : 293
      },
    "model" : "cms.cmsplugin",
    "pk" : 1515
  },
  { "fields" : { "changed_date" : "2013-06-20T12:19:37.289",
        "creation_date" : "2013-06-20T12:18:31.253",
        "language" : "fr",
        "level" : 0,
        "lft" : 1,
        "parent" : null,
        "placeholder" : 78,
        "plugin_type" : "TextPlugin",
        "position" : 4,
        "rght" : 4,
        "tree_id" : 302
      },
    "model" : "cms.cmsplugin",
    "pk" : 1586
  },
  { "fields" : { "changed_date" : "2013-06-20T12:19:13.638",
        "creation_date" : "2013-06-20T12:19:11.910",
        "language" : "fr",
        "level" : 1,
        "lft" : 2,
        "parent" : 1586,
        "placeholder" : 78,
        "plugin_type" : "AnnounceSubscribePlugin",
        "position" : 0,
        "rght" : 3,
        "tree_id" : 302
      },
    "model" : "cms.cmsplugin",
    "pk" : 1587
  },
  { "fields" : { "changed_date" : "2013-06-26T08:27:32.726",
        "creation_date" : "2013-06-21T16:47:36.308",
        "language" : "fr",
        "level" : 0,
        "lft" : 1,
        "parent" : null,
        "placeholder" : 161,
        "plugin_type" : "TextPlugin",
        "position" : 0,
        "rght" : 8,
        "tree_id" : 303
      },
    "model" : "cms.cmsplugin",
    "pk" : 1588
  },
  { "fields" : { "changed_date" : "2013-06-26T08:27:32.683",
        "creation_date" : "2013-06-21T16:47:55.017",
        "language" : "fr",
        "level" : 1,
        "lft" : 2,
        "parent" : 1588,
        "placeholder" : 161,
        "plugin_type" : "SelectUserFeedPlugin",
        "position" : 2,
        "rght" : 3,
        "tree_id" : 303
      },
    "model" : "cms.cmsplugin",
    "pk" : 1589
  },
  { "fields" : { "changed_date" : "2013-06-26T08:31:03.937",
        "creation_date" : "2013-06-21T16:48:13.432",
        "language" : "fr",
        "level" : 0,
        "lft" : 1,
        "parent" : null,
        "placeholder" : 161,
        "plugin_type" : "TextPlugin",
        "position" : 3,
        "rght" : 4,
        "tree_id" : 304
      },
    "model" : "cms.cmsplugin",
    "pk" : 1590
  },
  { "fields" : { "changed_date" : "2013-06-21T16:48:48.235",
        "creation_date" : "2013-06-21T16:48:28.652",
        "language" : "fr",
        "level" : 1,
        "lft" : 2,
        "parent" : 1590,
        "placeholder" : 161,
        "plugin_type" : "PasserelleRegisterPlugin",
        "position" : 0,
        "rght" : 3,
        "tree_id" : 304
      },
    "model" : "cms.cmsplugin",
    "pk" : 1591
  },
  { "fields" : { "changed_date" : "2013-06-26T08:27:20.319",
        "creation_date" : "2013-06-21T16:49:13.518",
        "language" : "fr",
        "level" : 0,
        "lft" : 1,
        "parent" : null,
        "placeholder" : 160,
        "plugin_type" : "TextPlugin",
        "position" : 0,
        "rght" : 4,
        "tree_id" : 305
      },
    "model" : "cms.cmsplugin",
    "pk" : 1592
  },
  { "fields" : { "changed_date" : "2013-06-21T16:50:35.299",
        "creation_date" : "2013-06-21T16:50:33.259",
        "language" : "fr",
        "level" : 1,
        "lft" : 2,
        "parent" : 1592,
        "placeholder" : 160,
        "plugin_type" : "AnnounceSubscribePlugin",
        "position" : 0,
        "rght" : 3,
        "tree_id" : 305
      },
    "model" : "cms.cmsplugin",
    "pk" : 1593
  },
  { "fields" : { "changed_date" : "2013-06-26T08:31:12.879",
        "creation_date" : "2013-04-23T18:57:49.967",
        "language" : "fr",
        "level" : 0,
        "lft" : 1,
        "parent" : null,
        "placeholder" : 79,
        "plugin_type" : "TextPlugin",
        "position" : 2,
        "rght" : 4,
        "tree_id" : 306
      },
    "model" : "cms.cmsplugin",
    "pk" : 1632
  },
  { "fields" : { "changed_date" : "2013-06-26T08:31:12.815",
        "creation_date" : "2013-04-23T18:58:18.595",
        "language" : "fr",
        "level" : 1,
        "lft" : 2,
        "parent" : 1632,
        "placeholder" : 79,
        "plugin_type" : "SelectUserFeedPlugin",
        "position" : 0,
        "rght" : 3,
        "tree_id" : 306
      },
    "model" : "cms.cmsplugin",
    "pk" : 1633
  },
  { "fields" : { "changed_date" : "2013-06-26T08:31:12.896",
        "creation_date" : "2013-04-23T18:58:42.289",
        "language" : "fr",
        "level" : 0,
        "lft" : 1,
        "parent" : null,
        "placeholder" : 79,
        "plugin_type" : "TextPlugin",
        "position" : 3,
        "rght" : 4,
        "tree_id" : 307
      },
    "model" : "cms.cmsplugin",
    "pk" : 1634
  },
  { "fields" : { "changed_date" : "2013-06-26T08:31:12.837",
        "creation_date" : "2013-04-23T18:59:03.038",
        "language" : "fr",
        "level" : 1,
        "lft" : 2,
        "parent" : 1634,
        "placeholder" : 79,
        "plugin_type" : "DataSourcePlugin",
        "position" : 1,
        "rght" : 3,
        "tree_id" : 307
      },
    "model" : "cms.cmsplugin",
    "pk" : 1635
  },
  { "fields" : { "changed_date" : "2013-06-26T08:31:12.913",
        "creation_date" : "2013-06-20T12:18:31.253",
        "language" : "fr",
        "level" : 0,
        "lft" : 1,
        "parent" : null,
        "placeholder" : 79,
        "plugin_type" : "TextPlugin",
        "position" : 4,
        "rght" : 4,
        "tree_id" : 308
      },
    "model" : "cms.cmsplugin",
    "pk" : 1636
  },
  { "fields" : { "changed_date" : "2013-06-26T08:31:12.864",
        "creation_date" : "2013-06-20T12:19:11.910",
        "language" : "fr",
        "level" : 1,
        "lft" : 2,
        "parent" : 1636,
        "placeholder" : 79,
        "plugin_type" : "AnnounceSubscribePlugin",
        "position" : 0,
        "rght" : 3,
        "tree_id" : 308
      },
    "model" : "cms.cmsplugin",
    "pk" : 1637
  },
  { "fields" : { "changed_date" : "2013-06-26T08:31:12.959",
        "creation_date" : "2013-06-21T16:49:13.518",
        "language" : "fr",
        "level" : 0,
        "lft" : 1,
        "parent" : null,
        "placeholder" : 162,
        "plugin_type" : "TextPlugin",
        "position" : 0,
        "rght" : 4,
        "tree_id" : 309
      },
    "model" : "cms.cmsplugin",
    "pk" : 1638
  },
  { "fields" : { "changed_date" : "2013-06-26T08:31:12.944",
        "creation_date" : "2013-06-21T16:50:33.259",
        "language" : "fr",
        "level" : 1,
        "lft" : 2,
        "parent" : 1638,
        "placeholder" : 162,
        "plugin_type" : "AnnounceSubscribePlugin",
        "position" : 0,
        "rght" : 3,
        "tree_id" : 309
      },
    "model" : "cms.cmsplugin",
    "pk" : 1639
  },
  { "fields" : { "changed_date" : "2013-06-26T08:31:13.024",
        "creation_date" : "2013-06-21T16:47:36.308",
        "language" : "fr",
        "level" : 0,
        "lft" : 1,
        "parent" : null,
        "placeholder" : 164,
        "plugin_type" : "TextPlugin",
        "position" : 0,
        "rght" : 4,
        "tree_id" : 310
      },
    "model" : "cms.cmsplugin",
    "pk" : 1640
  },
  { "fields" : { "changed_date" : "2013-06-26T08:31:12.986",
        "creation_date" : "2013-06-21T16:47:55.017",
        "language" : "fr",
        "level" : 1,
        "lft" : 2,
        "parent" : 1640,
        "placeholder" : 164,
        "plugin_type" : "SelectUserFeedPlugin",
        "position" : 2,
        "rght" : 3,
        "tree_id" : 310
      },
    "model" : "cms.cmsplugin",
    "pk" : 1641
  },
  { "fields" : { "changed_date" : "2013-06-26T08:31:13.040",
        "creation_date" : "2013-06-21T16:48:13.432",
        "language" : "fr",
        "level" : 0,
        "lft" : 1,
        "parent" : null,
        "placeholder" : 164,
        "plugin_type" : "TextPlugin",
        "position" : 3,
        "rght" : 4,
        "tree_id" : 311
      },
    "model" : "cms.cmsplugin",
    "pk" : 1642
  },
  { "fields" : { "changed_date" : "2013-06-26T08:31:13.009",
        "creation_date" : "2013-06-21T16:48:28.652",
        "language" : "fr",
        "level" : 1,
        "lft" : 2,
        "parent" : 1642,
        "placeholder" : 164,
        "plugin_type" : "PasserelleRegisterPlugin",
        "position" : 0,
        "rght" : 3,
        "tree_id" : 311
      },
    "model" : "cms.cmsplugin",
    "pk" : 1643
  },
  { "fields" : { "changed_date" : "2013-06-26T22:27:23.367",
        "creation_date" : "2013-04-17T23:09:14.427",
        "language" : "fr",
        "level" : 0,
        "lft" : 1,
        "parent" : null,
        "placeholder" : 75,
        "plugin_type" : "TextPlugin",
        "position" : 0,
        "rght" : 2,
        "tree_id" : 312
      },
    "model" : "cms.cmsplugin",
    "pk" : 1655
  },
  { "fields" : { "changed_date" : "2013-06-26T22:27:23.384",
        "creation_date" : "2013-04-17T23:09:42.797",
        "language" : "fr",
        "level" : 0,
        "lft" : 1,
        "parent" : null,
        "placeholder" : 75,
        "plugin_type" : "TextPlugin",
        "position" : 3,
        "rght" : 4,
        "tree_id" : 313
      },
    "model" : "cms.cmsplugin",
    "pk" : 1656
  },
  { "fields" : { "changed_date" : "2013-06-26T22:27:23.316",
        "creation_date" : "2013-05-06T18:20:41.631",
        "language" : "fr",
        "level" : 1,
        "lft" : 2,
        "parent" : 1656,
        "placeholder" : 75,
        "plugin_type" : "DataSourcePlugin",
        "position" : 0,
        "rght" : 3,
        "tree_id" : 313
      },
    "model" : "cms.cmsplugin",
    "pk" : 1657
  },
  { "fields" : { "changed_date" : "2013-06-26T22:27:23.397",
        "creation_date" : "2013-04-24T03:43:37.027",
        "language" : "fr",
        "level" : 0,
        "lft" : 1,
        "parent" : null,
        "placeholder" : 75,
        "plugin_type" : "TextPlugin",
        "position" : 1,
        "rght" : 2,
        "tree_id" : 314
      },
    "model" : "cms.cmsplugin",
    "pk" : 1658
  },
  { "fields" : { "changed_date" : "2013-06-26T22:27:23.407",
        "creation_date" : "2013-04-24T03:43:37.032",
        "language" : "fr",
        "level" : 0,
        "lft" : 1,
        "parent" : null,
        "placeholder" : 75,
        "plugin_type" : "TextPlugin",
        "position" : 2,
        "rght" : 2,
        "tree_id" : 315
      },
    "model" : "cms.cmsplugin",
    "pk" : 1659
  },
  { "fields" : { "changed_date" : "2013-06-26T22:27:23.418",
        "creation_date" : "2013-05-12T07:07:52.469",
        "language" : "fr",
        "level" : 0,
        "lft" : 1,
        "parent" : null,
        "placeholder" : 75,
        "plugin_type" : "TextPlugin",
        "position" : 5,
        "rght" : 2,
        "tree_id" : 316
      },
    "model" : "cms.cmsplugin",
    "pk" : 1660
  },
  { "fields" : { "changed_date" : "2013-06-26T22:27:23.486",
        "creation_date" : "2013-04-17T23:21:00.789",
        "language" : "fr",
        "level" : 0,
        "lft" : 1,
        "parent" : null,
        "placeholder" : 76,
        "plugin_type" : "TextPlugin",
        "position" : 2,
        "rght" : 4,
        "tree_id" : 317
      },
    "model" : "cms.cmsplugin",
    "pk" : 1661
  },
  { "fields" : { "changed_date" : "2013-06-26T22:27:23.444",
        "creation_date" : "2013-05-06T18:09:45.832",
        "language" : "fr",
        "level" : 1,
        "lft" : 2,
        "parent" : 1661,
        "placeholder" : 76,
        "plugin_type" : "ShowUserFeedPlugin",
        "position" : 3,
        "rght" : 3,
        "tree_id" : 317
      },
    "model" : "cms.cmsplugin",
    "pk" : 1662
  },
  { "fields" : { "changed_date" : "2013-06-26T22:27:23.503",
        "creation_date" : "2013-04-17T23:23:01.669",
        "language" : "fr",
        "level" : 0,
        "lft" : 1,
        "parent" : null,
        "placeholder" : 76,
        "plugin_type" : "TextPlugin",
        "position" : 1,
        "rght" : 4,
        "tree_id" : 318
      },
    "model" : "cms.cmsplugin",
    "pk" : 1663
  },
  { "fields" : { "changed_date" : "2013-06-26T22:27:23.467",
        "creation_date" : "2013-05-06T18:23:46.648",
        "language" : "fr",
        "level" : 1,
        "lft" : 2,
        "parent" : 1663,
        "placeholder" : 76,
        "plugin_type" : "DataSourcePlugin",
        "position" : 0,
        "rght" : 3,
        "tree_id" : 318
      },
    "model" : "cms.cmsplugin",
    "pk" : 1664
  },
  { "fields" : { "changed_date" : "2013-06-26T22:27:23.522",
        "creation_date" : "2013-05-14T09:01:23.187",
        "language" : "fr",
        "level" : 0,
        "lft" : 1,
        "parent" : null,
        "placeholder" : 148,
        "plugin_type" : "DataSourcePlugin",
        "position" : 0,
        "rght" : 2,
        "tree_id" : 319
      },
    "model" : "cms.cmsplugin",
    "pk" : 1665
  },
  { "fields" : { "changed_date" : "2013-07-30T11:09:44.363",
        "creation_date" : "2013-05-07T04:51:36.702",
        "language" : "fr",
        "level" : 0,
        "lft" : 1,
        "parent" : null,
        "placeholder" : 145,
        "plugin_type" : "VideoPlugin",
        "position" : 0,
        "rght" : 2,
        "tree_id" : 320
      },
    "model" : "cms.cmsplugin",
    "pk" : 1666
  },
  { "fields" : { "changed_date" : "2013-07-30T11:09:44.396",
        "creation_date" : "2013-05-07T04:52:15.528",
        "language" : "fr",
        "level" : 0,
        "lft" : 1,
        "parent" : null,
        "placeholder" : 146,
        "plugin_type" : "TextPlugin",
        "position" : 0,
        "rght" : 2,
        "tree_id" : 321
      },
    "model" : "cms.cmsplugin",
    "pk" : 1667
  },
  { "fields" : { "changed_date" : "2013-07-30T11:09:44.403",
        "creation_date" : "2013-05-07T04:53:55.914",
        "language" : "fr",
        "level" : 0,
        "lft" : 1,
        "parent" : null,
        "placeholder" : 146,
        "plugin_type" : "TextPlugin",
        "position" : 1,
        "rght" : 2,
        "tree_id" : 322
      },
    "model" : "cms.cmsplugin",
    "pk" : 1668
  },
  { "fields" : { "changed_by" : "admin",
        "changed_date" : "2013-04-17T21:57:53.782",
        "created_by" : "admin",
        "creation_date" : "2013-04-17T16:38:00.576",
        "in_navigation" : true,
        "level" : 0,
        "lft" : 1,
        "limit_visibility_in_menu" : null,
        "login_required" : false,
        "navigation_extenders" : "",
        "parent" : null,
        "placeholders" : [ 21,
            22,
            23,
            24,
            141,
            142,
            149
          ],
        "publication_date" : "2013-04-17T18:52:43.112",
        "publication_end_date" : null,
        "published" : true,
        "publisher_is_draft" : true,
        "publisher_public" : 6,
        "publisher_state" : 0,
        "reverse_id" : "top-page",
        "rght" : 24,
        "site" : 1,
        "soft_root" : false,
        "template" : "base_two_columns.html",
        "tree_id" : 5
      },
    "model" : "cms.page",
    "pk" : 3
  },
  { "fields" : { "changed_by" : "admin",
        "changed_date" : "2013-06-26T22:27:23.539",
        "created_by" : "admin",
        "creation_date" : "2013-04-17T16:38:21.017",
        "in_navigation" : true,
        "level" : 1,
        "lft" : 4,
        "limit_visibility_in_menu" : 1,
        "login_required" : true,
        "navigation_extenders" : "",
        "parent" : 3,
        "placeholders" : [ 25,
            26,
            27,
            28,
            73,
            74,
            81,
            147
          ],
        "publication_date" : "2013-04-17T18:52:46.846",
        "publication_end_date" : null,
        "published" : true,
        "publisher_is_draft" : true,
        "publisher_public" : 7,
        "publisher_state" : 0,
        "reverse_id" : null,
        "rght" : 5,
        "site" : 1,
        "soft_root" : false,
        "template" : "base_two_columns.html",
        "tree_id" : 5
      },
    "model" : "cms.page",
    "pk" : 4
  },
  { "fields" : { "changed_by" : "pcros",
        "changed_date" : "2013-06-26T08:31:13.055",
        "created_by" : "admin",
        "creation_date" : "2013-04-17T16:38:34.539",
        "in_navigation" : true,
        "level" : 1,
        "lft" : 6,
        "limit_visibility_in_menu" : 1,
        "login_required" : true,
        "navigation_extenders" : "",
        "parent" : 3,
        "placeholders" : [ 29,
            30,
            31,
            32,
            78,
            150,
            160,
            161
          ],
        "publication_date" : "2013-04-17T18:52:49.637",
        "publication_end_date" : null,
        "published" : true,
        "publisher_is_draft" : true,
        "publisher_public" : 8,
        "publisher_state" : 0,
        "reverse_id" : null,
        "rght" : 7,
        "site" : 1,
        "soft_root" : false,
        "template" : "base_two_columns.html",
        "tree_id" : 5
      },
    "model" : "cms.page",
    "pk" : 5
  },
  { "fields" : { "changed_by" : "admin",
        "changed_date" : "2013-04-17T21:57:53.490",
        "created_by" : "admin",
        "creation_date" : "2013-04-17T18:52:47.741",
        "in_navigation" : true,
        "level" : 0,
        "lft" : 1,
        "limit_visibility_in_menu" : null,
        "login_required" : false,
        "navigation_extenders" : "",
        "parent" : null,
        "placeholders" : [ 33,
            34,
            35,
            36
          ],
        "publication_date" : "2013-04-17T18:52:43.112",
        "publication_end_date" : null,
        "published" : true,
        "publisher_is_draft" : false,
        "publisher_public" : 3,
        "publisher_state" : 0,
        "reverse_id" : "top-page",
        "rght" : 24,
        "site" : 1,
        "soft_root" : false,
        "template" : "base_two_columns.html",
        "tree_id" : 1
      },
    "model" : "cms.page",
    "pk" : 6
  },
  { "fields" : { "changed_by" : "admin",
        "changed_date" : "2013-06-26T22:27:23.119",
        "created_by" : "admin",
        "creation_date" : "2013-04-17T18:52:51.490",
        "in_navigation" : true,
        "level" : 1,
        "lft" : 4,
        "limit_visibility_in_menu" : 1,
        "login_required" : true,
        "navigation_extenders" : "",
        "parent" : 6,
        "placeholders" : [ 37,
            38,
            39,
            40,
            75,
            76,
            82,
            148
          ],
        "publication_date" : "2013-04-17T18:52:46.846",
        "publication_end_date" : null,
        "published" : true,
        "publisher_is_draft" : false,
        "publisher_public" : 4,
        "publisher_state" : 0,
        "reverse_id" : null,
        "rght" : 5,
        "site" : 1,
        "soft_root" : false,
        "template" : "base_two_columns.html",
        "tree_id" : 1
      },
    "model" : "cms.page",
    "pk" : 7
  },
  { "fields" : { "changed_by" : "pcros",
        "changed_date" : "2013-06-26T08:31:12.620",
        "created_by" : "admin",
        "creation_date" : "2013-04-17T18:52:54.294",
        "in_navigation" : true,
        "level" : 1,
        "lft" : 6,
        "limit_visibility_in_menu" : 1,
        "login_required" : true,
        "navigation_extenders" : "",
        "parent" : 6,
        "placeholders" : [ 41,
            42,
            43,
            44,
            79,
            162,
            163,
            164
          ],
        "publication_date" : "2013-04-17T18:52:49.637",
        "publication_end_date" : null,
        "published" : true,
        "publisher_is_draft" : false,
        "publisher_public" : 5,
        "publisher_state" : 0,
        "reverse_id" : null,
        "rght" : 7,
        "site" : 1,
        "soft_root" : false,
        "template" : "base_two_columns.html",
        "tree_id" : 1
      },
    "model" : "cms.page",
    "pk" : 8
  },
  { "fields" : { "changed_by" : "admin",
        "changed_date" : "2013-05-28T17:51:40.755",
        "created_by" : "admin",
        "creation_date" : "2013-04-17T19:15:13.173",
        "in_navigation" : true,
        "level" : 1,
        "lft" : 8,
        "limit_visibility_in_menu" : 1,
        "login_required" : true,
        "navigation_extenders" : "",
        "parent" : 3,
        "placeholders" : [ 45,
            46,
            47,
            48,
            69,
            70,
            151
          ],
        "publication_date" : "2013-04-17T19:15:22.531",
        "publication_end_date" : null,
        "published" : true,
        "publisher_is_draft" : true,
        "publisher_public" : 12,
        "publisher_state" : 0,
        "reverse_id" : null,
        "rght" : 9,
        "site" : 1,
        "soft_root" : false,
        "template" : "base_two_columns.html",
        "tree_id" : 5
      },
    "model" : "cms.page",
    "pk" : 9
  },
  { "fields" : { "changed_by" : "pcros",
        "changed_date" : "2013-05-06T20:25:05.138",
        "created_by" : "admin",
        "creation_date" : "2013-04-17T19:15:52.643",
        "in_navigation" : true,
        "level" : 1,
        "lft" : 10,
        "limit_visibility_in_menu" : null,
        "login_required" : false,
        "navigation_extenders" : "",
        "parent" : 3,
        "placeholders" : [ 49,
            50,
            51,
            52,
            77,
            153
          ],
        "publication_date" : "2013-04-17T19:15:52.769",
        "publication_end_date" : null,
        "published" : true,
        "publisher_is_draft" : true,
        "publisher_public" : 13,
        "publisher_state" : 0,
        "reverse_id" : null,
        "rght" : 11,
        "site" : 1,
        "soft_root" : false,
        "template" : "base_one_column.html",
        "tree_id" : 5
      },
    "model" : "cms.page",
    "pk" : 10
  },
  { "fields" : { "changed_by" : "admin",
        "changed_date" : "2013-07-30T11:09:44.417",
        "created_by" : "admin",
        "creation_date" : "2013-04-17T19:16:05.199",
        "in_navigation" : true,
        "level" : 1,
        "lft" : 12,
        "limit_visibility_in_menu" : null,
        "login_required" : false,
        "navigation_extenders" : "",
        "parent" : 3,
        "placeholders" : [ 53,
            54,
            55,
            56,
            143,
            144,
            165,
            166
          ],
        "publication_date" : "2013-04-17T19:16:05.110",
        "publication_end_date" : null,
        "published" : true,
        "publisher_is_draft" : true,
        "publisher_public" : 14,
        "publisher_state" : 0,
        "reverse_id" : null,
        "rght" : 23,
        "site" : 1,
        "soft_root" : false,
        "template" : "base_help.html",
        "tree_id" : 5
      },
    "model" : "cms.page",
    "pk" : 11
  },
  { "fields" : { "changed_by" : "admin",
        "changed_date" : "2013-05-28T17:51:40.533",
        "created_by" : "admin",
        "creation_date" : "2013-04-17T19:16:22.259",
        "in_navigation" : true,
        "level" : 1,
        "lft" : 8,
        "limit_visibility_in_menu" : 1,
        "login_required" : true,
        "navigation_extenders" : "",
        "parent" : 6,
        "placeholders" : [ 57,
            58,
            59,
            60,
            71,
            72,
            152
          ],
        "publication_date" : "2013-04-17T19:15:22.531",
        "publication_end_date" : null,
        "published" : true,
        "publisher_is_draft" : false,
        "publisher_public" : 9,
        "publisher_state" : 0,
        "reverse_id" : null,
        "rght" : 9,
        "site" : 1,
        "soft_root" : false,
        "template" : "base_two_columns.html",
        "tree_id" : 1
      },
    "model" : "cms.page",
    "pk" : 12
  },
  { "fields" : { "changed_by" : "pcros",
        "changed_date" : "2013-05-06T20:25:04.998",
        "created_by" : "admin",
        "creation_date" : "2013-04-17T19:16:24.521",
        "in_navigation" : true,
        "level" : 1,
        "lft" : 10,
        "limit_visibility_in_menu" : null,
        "login_required" : false,
        "navigation_extenders" : "",
        "parent" : 6,
        "placeholders" : [ 61,
            62,
            63,
            64,
            80
          ],
        "publication_date" : "2013-04-17T19:15:52.769",
        "publication_end_date" : null,
        "published" : true,
        "publisher_is_draft" : false,
        "publisher_public" : 10,
        "publisher_state" : 0,
        "reverse_id" : null,
        "rght" : 11,
        "site" : 1,
        "soft_root" : false,
        "template" : "base_one_column.html",
        "tree_id" : 1
      },
    "model" : "cms.page",
    "pk" : 13
  },
  { "fields" : { "changed_by" : "admin",
        "changed_date" : "2013-07-30T11:09:44.257",
        "created_by" : "admin",
        "creation_date" : "2013-04-17T19:16:26.509",
        "in_navigation" : true,
        "level" : 1,
        "lft" : 12,
        "limit_visibility_in_menu" : null,
        "login_required" : false,
        "navigation_extenders" : "",
        "parent" : 6,
        "placeholders" : [ 65,
            66,
            67,
            68,
            145,
            146,
            167,
            168
          ],
        "publication_date" : "2013-04-17T19:16:05.110",
        "publication_end_date" : null,
        "published" : true,
        "publisher_is_draft" : false,
        "publisher_public" : 11,
        "publisher_state" : 0,
        "reverse_id" : null,
        "rght" : 23,
        "site" : 1,
        "soft_root" : false,
        "template" : "base_help.html",
        "tree_id" : 1
      },
    "model" : "cms.page",
    "pk" : 14
  },
  { "fields" : { "changed_by" : "admin",
        "changed_date" : "2013-06-20T10:29:17.292",
        "created_by" : "admin",
        "creation_date" : "2013-06-20T10:25:37.126",
        "in_navigation" : true,
        "level" : 1,
        "lft" : 2,
        "limit_visibility_in_menu" : null,
        "login_required" : false,
        "navigation_extenders" : "",
        "parent" : 3,
        "placeholders" : [ 154,
            155,
            156
          ],
        "publication_date" : "2013-06-20T10:29:12.287",
        "publication_end_date" : null,
        "published" : true,
        "publisher_is_draft" : true,
        "publisher_public" : 17,
        "publisher_state" : 0,
        "reverse_id" : null,
        "rght" : 3,
        "site" : 1,
        "soft_root" : false,
        "template" : "base_two_columns.html",
        "tree_id" : 5
      },
    "model" : "cms.page",
    "pk" : 16
  },
  { "fields" : { "changed_by" : "admin",
        "changed_date" : "2013-06-20T10:29:17.197",
        "created_by" : "admin",
        "creation_date" : "2013-06-20T10:29:17.197",
        "in_navigation" : true,
        "level" : 1,
        "lft" : 2,
        "limit_visibility_in_menu" : null,
        "login_required" : false,
        "navigation_extenders" : "",
        "parent" : 6,
        "placeholders" : [ 157,
            158,
            159
          ],
        "publication_date" : "2013-06-20T10:29:12.191",
        "publication_end_date" : null,
        "published" : true,
        "publisher_is_draft" : false,
        "publisher_public" : 16,
        "publisher_state" : 0,
        "reverse_id" : null,
        "rght" : 3,
        "site" : 1,
        "soft_root" : false,
        "template" : "base_two_columns.html",
        "tree_id" : 1
      },
    "model" : "cms.page",
    "pk" : 17
  },
  { "fields" : { "changed_by" : "admin",
        "changed_date" : "2013-07-30T11:13:15.507",
        "created_by" : "admin",
        "creation_date" : "2013-07-30T11:10:39.765",
        "in_navigation" : true,
        "level" : 2,
        "lft" : 13,
        "limit_visibility_in_menu" : null,
        "login_required" : false,
        "navigation_extenders" : "",
        "parent" : 11,
        "placeholders" : [ 169,
            170
          ],
        "publication_date" : "2013-07-30T11:13:10.503",
        "publication_end_date" : null,
        "published" : true,
        "publisher_is_draft" : true,
        "publisher_public" : 23,
        "publisher_state" : 0,
        "reverse_id" : null,
        "rght" : 18,
        "site" : 1,
        "soft_root" : false,
        "template" : "base_help.html",
        "tree_id" : 5
      },
    "model" : "cms.page",
    "pk" : 18
  },
  { "fields" : { "changed_by" : "admin",
        "changed_date" : "2013-07-30T11:13:20.346",
        "created_by" : "admin",
        "creation_date" : "2013-07-30T11:11:13.857",
        "in_navigation" : true,
        "level" : 2,
        "lft" : 19,
        "limit_visibility_in_menu" : null,
        "login_required" : false,
        "navigation_extenders" : "",
        "parent" : 11,
        "placeholders" : [ 171,
            172,
            173,
            174
          ],
        "publication_date" : "2013-07-30T11:13:15.342",
        "publication_end_date" : null,
        "published" : true,
        "publisher_is_draft" : true,
        "publisher_public" : 26,
        "publisher_state" : 0,
        "reverse_id" : null,
        "rght" : 20,
        "site" : 1,
        "soft_root" : false,
        "template" : "base_help.html",
        "tree_id" : 5
      },
    "model" : "cms.page",
    "pk" : 19
  },
  { "fields" : { "changed_by" : "admin",
        "changed_date" : "2013-07-30T11:13:22.408",
        "created_by" : "admin",
        "creation_date" : "2013-07-30T11:11:42.715",
        "in_navigation" : true,
        "level" : 2,
        "lft" : 21,
        "limit_visibility_in_menu" : null,
        "login_required" : false,
        "navigation_extenders" : "",
        "parent" : 11,
        "placeholders" : [ 175,
            176,
            177
          ],
        "publication_date" : "2013-07-30T11:13:17.404",
        "publication_end_date" : null,
        "published" : true,
        "publisher_is_draft" : true,
        "publisher_public" : 27,
        "publisher_state" : 0,
        "reverse_id" : null,
        "rght" : 22,
        "site" : 1,
        "soft_root" : false,
        "template" : "base_two_columns.html",
        "tree_id" : 5
      },
    "model" : "cms.page",
    "pk" : 20
  },
  { "fields" : { "changed_by" : "admin",
        "changed_date" : "2013-07-30T11:28:23.138",
        "created_by" : "admin",
        "creation_date" : "2013-07-30T11:12:20.405",
        "in_navigation" : true,
        "level" : 3,
        "lft" : 14,
        "limit_visibility_in_menu" : null,
        "login_required" : false,
        "navigation_extenders" : "",
        "parent" : 18,
        "placeholders" : [ 178,
            179,
            180,
            199
          ],
        "publication_date" : "2013-07-30T11:13:12.209",
        "publication_end_date" : null,
        "published" : true,
        "publisher_is_draft" : true,
        "publisher_public" : 24,
        "publisher_state" : 0,
        "reverse_id" : null,
        "rght" : 15,
        "site" : 1,
        "soft_root" : false,
        "template" : "base_help.html",
        "tree_id" : 5
      },
    "model" : "cms.page",
    "pk" : 21
  },
  { "fields" : { "changed_by" : "admin",
        "changed_date" : "2013-07-30T17:21:00.657",
        "created_by" : "admin",
        "creation_date" : "2013-07-30T11:13:01.527",
        "in_navigation" : true,
        "level" : 3,
        "lft" : 16,
        "limit_visibility_in_menu" : null,
        "login_required" : false,
        "navigation_extenders" : "",
        "parent" : 18,
        "placeholders" : [ 301,
            181,
            182,
            183
          ],
        "publication_date" : "2013-07-30T11:13:14.358",
        "publication_end_date" : null,
        "published" : true,
        "publisher_is_draft" : true,
        "publisher_public" : 25,
        "publisher_state" : 0,
        "reverse_id" : null,
        "rght" : 17,
        "site" : 1,
        "soft_root" : false,
        "template" : "INHERIT",
        "tree_id" : 5
      },
    "model" : "cms.page",
    "pk" : 22
  },
  { "fields" : { "changed_by" : "admin",
        "changed_date" : "2013-07-30T11:13:15.466",
        "created_by" : "admin",
        "creation_date" : "2013-07-30T11:13:15.466",
        "in_navigation" : true,
        "level" : 2,
        "lft" : 13,
        "limit_visibility_in_menu" : null,
        "login_required" : false,
        "navigation_extenders" : "",
        "parent" : 14,
        "placeholders" : [ 184,
            185
          ],
        "publication_date" : "2013-07-30T11:13:10.463",
        "publication_end_date" : null,
        "published" : true,
        "publisher_is_draft" : false,
        "publisher_public" : 18,
        "publisher_state" : 0,
        "reverse_id" : null,
        "rght" : 18,
        "site" : 1,
        "soft_root" : false,
        "template" : "base_help.html",
        "tree_id" : 1
      },
    "model" : "cms.page",
    "pk" : 23
  },
  { "fields" : { "changed_by" : "admin",
        "changed_date" : "2013-07-30T11:28:23.094",
        "created_by" : "admin",
        "creation_date" : "2013-07-30T11:13:17.169",
        "in_navigation" : true,
        "level" : 3,
        "lft" : 14,
        "limit_visibility_in_menu" : null,
        "login_required" : false,
        "navigation_extenders" : "",
        "parent" : 23,
        "placeholders" : [ 186,
            187,
            188,
            200
          ],
        "publication_date" : "2013-07-30T11:13:12.209",
        "publication_end_date" : null,
        "published" : true,
        "publisher_is_draft" : false,
        "publisher_public" : 21,
        "publisher_state" : 0,
        "reverse_id" : null,
        "rght" : 15,
        "site" : 1,
        "soft_root" : false,
        "template" : "base_help.html",
        "tree_id" : 1
      },
    "model" : "cms.page",
    "pk" : 24
  },
  { "fields" : { "changed_by" : "admin",
        "changed_date" : "2013-07-30T17:21:00.611",
        "created_by" : "admin",
        "creation_date" : "2013-07-30T11:13:19.313",
        "in_navigation" : true,
        "level" : 3,
        "lft" : 16,
        "limit_visibility_in_menu" : null,
        "login_required" : false,
        "navigation_extenders" : "",
        "parent" : 23,
        "placeholders" : [ 302,
            189,
            190,
            191
          ],
        "publication_date" : "2013-07-30T11:13:14.358",
        "publication_end_date" : null,
        "published" : true,
        "publisher_is_draft" : false,
        "publisher_public" : 22,
        "publisher_state" : 0,
        "reverse_id" : null,
        "rght" : 17,
        "site" : 1,
        "soft_root" : false,
        "template" : "INHERIT",
        "tree_id" : 1
      },
    "model" : "cms.page",
    "pk" : 25
  },
  { "fields" : { "changed_by" : "admin",
        "changed_date" : "2013-07-30T11:13:20.292",
        "created_by" : "admin",
        "creation_date" : "2013-07-30T11:13:20.292",
        "in_navigation" : true,
        "level" : 2,
        "lft" : 19,
        "limit_visibility_in_menu" : null,
        "login_required" : false,
        "navigation_extenders" : "",
        "parent" : 14,
        "placeholders" : [ 192,
            193,
            194,
            195
          ],
        "publication_date" : "2013-07-30T11:13:15.289",
        "publication_end_date" : null,
        "published" : true,
        "publisher_is_draft" : false,
        "publisher_public" : 19,
        "publisher_state" : 0,
        "reverse_id" : null,
        "rght" : 20,
        "site" : 1,
        "soft_root" : false,
        "template" : "base_help.html",
        "tree_id" : 1
      },
    "model" : "cms.page",
    "pk" : 26
  },
  { "fields" : { "changed_by" : "admin",
        "changed_date" : "2013-07-30T11:13:22.365",
        "created_by" : "admin",
        "creation_date" : "2013-07-30T11:13:22.365",
        "in_navigation" : true,
        "level" : 2,
        "lft" : 21,
        "limit_visibility_in_menu" : null,
        "login_required" : false,
        "navigation_extenders" : "",
        "parent" : 14,
        "placeholders" : [ 196,
            197,
            198
          ],
        "publication_date" : "2013-07-30T11:13:17.362",
        "publication_end_date" : null,
        "published" : true,
        "publisher_is_draft" : false,
        "publisher_public" : 20,
        "publisher_state" : 0,
        "reverse_id" : null,
        "rght" : 22,
        "site" : 1,
        "soft_root" : false,
        "template" : "base_two_columns.html",
        "tree_id" : 1
      },
    "model" : "cms.page",
    "pk" : 27
  },
  { "fields" : { "changed_by" : "admin",
        "changed_date" : "2013-07-30T16:52:43.015",
        "created_by" : "admin",
        "creation_date" : "2013-07-30T16:48:10.379",
        "in_navigation" : true,
        "level" : 0,
        "lft" : 1,
        "limit_visibility_in_menu" : null,
        "login_required" : false,
        "navigation_extenders" : "",
        "parent" : null,
        "placeholders" : [ 201,
            202,
            203
          ],
        "publication_date" : "2013-07-30T16:52:21.173",
        "publication_end_date" : null,
        "published" : true,
        "publisher_is_draft" : true,
        "publisher_public" : 34,
        "publisher_state" : 0,
        "reverse_id" : "agglo-links",
        "rght" : 12,
        "site" : 1,
        "soft_root" : false,
        "template" : "base_two_columns.html",
        "tree_id" : 6
      },
    "model" : "cms.page",
    "pk" : 28
  },
  { "fields" : { "changed_by" : "admin",
        "changed_date" : "2013-07-30T16:52:49.167",
        "created_by" : "admin",
        "creation_date" : "2013-07-30T16:48:55.449",
        "in_navigation" : true,
        "level" : 1,
        "lft" : 2,
        "limit_visibility_in_menu" : null,
        "login_required" : false,
        "navigation_extenders" : "",
        "parent" : 28,
        "placeholders" : [ 204,
            205,
            206
          ],
        "publication_date" : "2013-07-30T16:52:23.696",
        "publication_end_date" : null,
        "published" : true,
        "publisher_is_draft" : true,
        "publisher_public" : 35,
        "publisher_state" : 0,
        "reverse_id" : null,
        "rght" : 3,
        "site" : 1,
        "soft_root" : false,
        "template" : "INHERIT",
        "tree_id" : 6
      },
    "model" : "cms.page",
    "pk" : 29
  },
  { "fields" : { "changed_by" : "admin",
        "changed_date" : "2013-07-30T16:52:48.154",
        "created_by" : "admin",
        "creation_date" : "2013-07-30T16:49:55.340",
        "in_navigation" : true,
        "level" : 1,
        "lft" : 4,
        "limit_visibility_in_menu" : null,
        "login_required" : false,
        "navigation_extenders" : "",
        "parent" : 28,
        "placeholders" : [ 207,
            208,
            209
          ],
        "publication_date" : "2013-07-30T16:52:25.151",
        "publication_end_date" : null,
        "published" : true,
        "publisher_is_draft" : true,
        "publisher_public" : 36,
        "publisher_state" : 0,
        "reverse_id" : null,
        "rght" : 5,
        "site" : 1,
        "soft_root" : false,
        "template" : "base_two_columns.html",
        "tree_id" : 6
      },
    "model" : "cms.page",
    "pk" : 30
  },
  { "fields" : { "changed_by" : "admin",
        "changed_date" : "2013-07-30T16:52:47.153",
        "created_by" : "admin",
        "creation_date" : "2013-07-30T16:50:58.987",
        "in_navigation" : true,
        "level" : 1,
        "lft" : 6,
        "limit_visibility_in_menu" : null,
        "login_required" : false,
        "navigation_extenders" : "",
        "parent" : 28,
        "placeholders" : [ 210,
            211,
            212
          ],
        "publication_date" : "2013-07-30T16:52:26.353",
        "publication_end_date" : null,
        "published" : true,
        "publisher_is_draft" : true,
        "publisher_public" : 37,
        "publisher_state" : 0,
        "reverse_id" : null,
        "rght" : 7,
        "site" : 1,
        "soft_root" : false,
        "template" : "base_two_columns.html",
        "tree_id" : 6
      },
    "model" : "cms.page",
    "pk" : 31
  },
  { "fields" : { "changed_by" : "admin",
        "changed_date" : "2013-07-30T16:52:46.225",
        "created_by" : "admin",
        "creation_date" : "2013-07-30T16:51:35.884",
        "in_navigation" : true,
        "level" : 1,
        "lft" : 8,
        "limit_visibility_in_menu" : null,
        "login_required" : false,
        "navigation_extenders" : "",
        "parent" : 28,
        "placeholders" : [ 213,
            214,
            215
          ],
        "publication_date" : "2013-07-30T16:52:27.377",
        "publication_end_date" : null,
        "published" : true,
        "publisher_is_draft" : true,
        "publisher_public" : 38,
        "publisher_state" : 0,
        "reverse_id" : null,
        "rght" : 9,
        "site" : 1,
        "soft_root" : false,
        "template" : "base_two_columns.html",
        "tree_id" : 6
      },
    "model" : "cms.page",
    "pk" : 32
  },
  { "fields" : { "changed_by" : "admin",
        "changed_date" : "2013-07-30T16:52:45.210",
        "created_by" : "admin",
        "creation_date" : "2013-07-30T16:52:10.067",
        "in_navigation" : true,
        "level" : 1,
        "lft" : 10,
        "limit_visibility_in_menu" : null,
        "login_required" : false,
        "navigation_extenders" : "",
        "parent" : 28,
        "placeholders" : [ 216,
            217,
            218
          ],
        "publication_date" : "2013-07-30T16:52:28.681",
        "publication_end_date" : null,
        "published" : true,
        "publisher_is_draft" : true,
        "publisher_public" : 39,
        "publisher_state" : 0,
        "reverse_id" : null,
        "rght" : 11,
        "site" : 1,
        "soft_root" : false,
        "template" : "base_two_columns.html",
        "tree_id" : 6
      },
    "model" : "cms.page",
    "pk" : 33
  },
  { "fields" : { "changed_by" : "admin",
        "changed_date" : "2013-07-30T16:52:42.971",
        "created_by" : "admin",
        "creation_date" : "2013-07-30T16:52:26.119",
        "in_navigation" : true,
        "level" : 0,
        "lft" : 1,
        "limit_visibility_in_menu" : null,
        "login_required" : false,
        "navigation_extenders" : "",
        "parent" : null,
        "placeholders" : [ 219,
            220,
            221
          ],
        "publication_date" : "2013-07-30T16:52:21.173",
        "publication_end_date" : null,
        "published" : true,
        "publisher_is_draft" : false,
        "publisher_public" : 28,
        "publisher_state" : 0,
        "reverse_id" : "agglo-links",
        "rght" : 12,
        "site" : 1,
        "soft_root" : false,
        "template" : "base_two_columns.html",
        "tree_id" : 2
      },
    "model" : "cms.page",
    "pk" : 34
  },
  { "fields" : { "changed_by" : "admin",
        "changed_date" : "2013-07-30T16:52:49.124",
        "created_by" : "admin",
        "creation_date" : "2013-07-30T16:52:28.649",
        "in_navigation" : true,
        "level" : 1,
        "lft" : 2,
        "limit_visibility_in_menu" : null,
        "login_required" : false,
        "navigation_extenders" : "",
        "parent" : 34,
        "placeholders" : [ 222,
            223,
            224
          ],
        "publication_date" : "2013-07-30T16:52:23.696",
        "publication_end_date" : null,
        "published" : true,
        "publisher_is_draft" : false,
        "publisher_public" : 29,
        "publisher_state" : 0,
        "reverse_id" : null,
        "rght" : 3,
        "site" : 1,
        "soft_root" : false,
        "template" : "INHERIT",
        "tree_id" : 2
      },
    "model" : "cms.page",
    "pk" : 35
  },
  { "fields" : { "changed_by" : "admin",
        "changed_date" : "2013-07-30T16:52:48.111",
        "created_by" : "admin",
        "creation_date" : "2013-07-30T16:52:30.105",
        "in_navigation" : true,
        "level" : 1,
        "lft" : 4,
        "limit_visibility_in_menu" : null,
        "login_required" : false,
        "navigation_extenders" : "",
        "parent" : 34,
        "placeholders" : [ 225,
            226,
            227
          ],
        "publication_date" : "2013-07-30T16:52:25.151",
        "publication_end_date" : null,
        "published" : true,
        "publisher_is_draft" : false,
        "publisher_public" : 30,
        "publisher_state" : 0,
        "reverse_id" : null,
        "rght" : 5,
        "site" : 1,
        "soft_root" : false,
        "template" : "base_two_columns.html",
        "tree_id" : 2
      },
    "model" : "cms.page",
    "pk" : 36
  },
  { "fields" : { "changed_by" : "admin",
        "changed_date" : "2013-07-30T16:52:47.111",
        "created_by" : "admin",
        "creation_date" : "2013-07-30T16:52:31.305",
        "in_navigation" : true,
        "level" : 1,
        "lft" : 6,
        "limit_visibility_in_menu" : null,
        "login_required" : false,
        "navigation_extenders" : "",
        "parent" : 34,
        "placeholders" : [ 228,
            229,
            230
          ],
        "publication_date" : "2013-07-30T16:52:26.353",
        "publication_end_date" : null,
        "published" : true,
        "publisher_is_draft" : false,
        "publisher_public" : 31,
        "publisher_state" : 0,
        "reverse_id" : null,
        "rght" : 7,
        "site" : 1,
        "soft_root" : false,
        "template" : "base_two_columns.html",
        "tree_id" : 2
      },
    "model" : "cms.page",
    "pk" : 37
  },
  { "fields" : { "changed_by" : "admin",
        "changed_date" : "2013-07-30T16:52:46.183",
        "created_by" : "admin",
        "creation_date" : "2013-07-30T16:52:32.332",
        "in_navigation" : true,
        "level" : 1,
        "lft" : 8,
        "limit_visibility_in_menu" : null,
        "login_required" : false,
        "navigation_extenders" : "",
        "parent" : 34,
        "placeholders" : [ 231,
            232,
            233
          ],
        "publication_date" : "2013-07-30T16:52:27.377",
        "publication_end_date" : null,
        "published" : true,
        "publisher_is_draft" : false,
        "publisher_public" : 32,
        "publisher_state" : 0,
        "reverse_id" : null,
        "rght" : 9,
        "site" : 1,
        "soft_root" : false,
        "template" : "base_two_columns.html",
        "tree_id" : 2
      },
    "model" : "cms.page",
    "pk" : 38
  },
  { "fields" : { "changed_by" : "admin",
        "changed_date" : "2013-07-30T16:52:45.167",
        "created_by" : "admin",
        "creation_date" : "2013-07-30T16:52:33.637",
        "in_navigation" : true,
        "level" : 1,
        "lft" : 10,
        "limit_visibility_in_menu" : null,
        "login_required" : false,
        "navigation_extenders" : "",
        "parent" : 34,
        "placeholders" : [ 234,
            235,
            236
          ],
        "publication_date" : "2013-07-30T16:52:28.681",
        "publication_end_date" : null,
        "published" : true,
        "publisher_is_draft" : false,
        "publisher_public" : 33,
        "publisher_state" : 0,
        "reverse_id" : null,
        "rght" : 11,
        "site" : 1,
        "soft_root" : false,
        "template" : "base_two_columns.html",
        "tree_id" : 2
      },
    "model" : "cms.page",
    "pk" : 39
  },
  { "fields" : { "changed_by" : "admin",
        "changed_date" : "2013-07-30T17:06:51.781",
        "created_by" : "admin",
        "creation_date" : "2013-07-30T17:00:19.014",
        "in_navigation" : true,
        "level" : 0,
        "lft" : 1,
        "limit_visibility_in_menu" : null,
        "login_required" : false,
        "navigation_extenders" : "",
        "parent" : null,
        "placeholders" : [ 237,
            238,
            239
          ],
        "publication_date" : "2013-07-30T17:06:46.777",
        "publication_end_date" : null,
        "published" : true,
        "publisher_is_draft" : true,
        "publisher_public" : 50,
        "publisher_state" : 0,
        "reverse_id" : "footer-menu",
        "rght" : 20,
        "site" : 1,
        "soft_root" : false,
        "template" : "base_two_columns.html",
        "tree_id" : 7
      },
    "model" : "cms.page",
    "pk" : 40
  },
  { "fields" : { "changed_by" : "admin",
        "changed_date" : "2013-07-30T17:06:51.856",
        "created_by" : "admin",
        "creation_date" : "2013-07-30T17:01:03.626",
        "in_navigation" : true,
        "level" : 1,
        "lft" : 2,
        "limit_visibility_in_menu" : null,
        "login_required" : false,
        "navigation_extenders" : "",
        "parent" : 40,
        "placeholders" : [ 240,
            241,
            242
          ],
        "publication_date" : "2013-07-30T17:06:45.627",
        "publication_end_date" : null,
        "published" : true,
        "publisher_is_draft" : true,
        "publisher_public" : 51,
        "publisher_state" : 0,
        "reverse_id" : null,
        "rght" : 3,
        "site" : 1,
        "soft_root" : false,
        "template" : "base_two_columns.html",
        "tree_id" : 7
      },
    "model" : "cms.page",
    "pk" : 41
  },
  { "fields" : { "changed_by" : "admin",
        "changed_date" : "2013-07-30T17:06:51.929",
        "created_by" : "admin",
        "creation_date" : "2013-07-30T17:03:14.567",
        "in_navigation" : true,
        "level" : 1,
        "lft" : 4,
        "limit_visibility_in_menu" : null,
        "login_required" : false,
        "navigation_extenders" : "",
        "parent" : 40,
        "placeholders" : [ 243,
            244,
            245
          ],
        "publication_date" : "2013-07-30T17:06:44.182",
        "publication_end_date" : null,
        "published" : true,
        "publisher_is_draft" : true,
        "publisher_public" : 52,
        "publisher_state" : 0,
        "reverse_id" : null,
        "rght" : 5,
        "site" : 1,
        "soft_root" : false,
        "template" : "base_two_columns.html",
        "tree_id" : 7
      },
    "model" : "cms.page",
    "pk" : 42
  },
  { "fields" : { "changed_by" : "admin",
        "changed_date" : "2013-07-30T17:06:52.001",
        "created_by" : "admin",
        "creation_date" : "2013-07-30T17:04:00.642",
        "in_navigation" : true,
        "level" : 1,
        "lft" : 6,
        "limit_visibility_in_menu" : null,
        "login_required" : false,
        "navigation_extenders" : "",
        "parent" : 40,
        "placeholders" : [ 246,
            247,
            248
          ],
        "publication_date" : "2013-07-30T17:06:42.774",
        "publication_end_date" : null,
        "published" : true,
        "publisher_is_draft" : true,
        "publisher_public" : 53,
        "publisher_state" : 0,
        "reverse_id" : null,
        "rght" : 7,
        "site" : 1,
        "soft_root" : false,
        "template" : "base_two_columns.html",
        "tree_id" : 7
      },
    "model" : "cms.page",
    "pk" : 43
  },
  { "fields" : { "changed_by" : "admin",
        "changed_date" : "2013-07-30T17:06:52.072",
        "created_by" : "admin",
        "creation_date" : "2013-07-30T17:04:17.885",
        "in_navigation" : true,
        "level" : 1,
        "lft" : 8,
        "limit_visibility_in_menu" : null,
        "login_required" : false,
        "navigation_extenders" : "",
        "parent" : 40,
        "placeholders" : [ 249,
            250,
            251
          ],
        "publication_date" : "2013-07-30T17:06:41.417",
        "publication_end_date" : null,
        "published" : true,
        "publisher_is_draft" : true,
        "publisher_public" : 54,
        "publisher_state" : 0,
        "reverse_id" : null,
        "rght" : 9,
        "site" : 1,
        "soft_root" : false,
        "template" : "base_two_columns.html",
        "tree_id" : 7
      },
    "model" : "cms.page",
    "pk" : 44
  },
  { "fields" : { "changed_by" : "admin",
        "changed_date" : "2013-07-30T17:06:52.139",
        "created_by" : "admin",
        "creation_date" : "2013-07-30T17:04:33.004",
        "in_navigation" : true,
        "level" : 1,
        "lft" : 10,
        "limit_visibility_in_menu" : null,
        "login_required" : false,
        "navigation_extenders" : "",
        "parent" : 40,
        "placeholders" : [ 252,
            253,
            254
          ],
        "publication_date" : "2013-07-30T17:06:40.300",
        "publication_end_date" : null,
        "published" : true,
        "publisher_is_draft" : true,
        "publisher_public" : 55,
        "publisher_state" : 0,
        "reverse_id" : null,
        "rght" : 11,
        "site" : 1,
        "soft_root" : false,
        "template" : "base_two_columns.html",
        "tree_id" : 7
      },
    "model" : "cms.page",
    "pk" : 45
  },
  { "fields" : { "changed_by" : "admin",
        "changed_date" : "2013-07-30T17:06:52.207",
        "created_by" : "admin",
        "creation_date" : "2013-07-30T17:05:04.008",
        "in_navigation" : true,
        "level" : 1,
        "lft" : 12,
        "limit_visibility_in_menu" : null,
        "login_required" : false,
        "navigation_extenders" : "",
        "parent" : 40,
        "placeholders" : [ 255,
            256,
            257
          ],
        "publication_date" : "2013-07-30T17:06:37.924",
        "publication_end_date" : null,
        "published" : true,
        "publisher_is_draft" : true,
        "publisher_public" : 56,
        "publisher_state" : 0,
        "reverse_id" : null,
        "rght" : 13,
        "site" : 1,
        "soft_root" : false,
        "template" : "base_two_columns.html",
        "tree_id" : 7
      },
    "model" : "cms.page",
    "pk" : 46
  },
  { "fields" : { "changed_by" : "admin",
        "changed_date" : "2013-07-30T17:06:52.273",
        "created_by" : "admin",
        "creation_date" : "2013-07-30T17:05:18.912",
        "in_navigation" : true,
        "level" : 1,
        "lft" : 14,
        "limit_visibility_in_menu" : null,
        "login_required" : false,
        "navigation_extenders" : "",
        "parent" : 40,
        "placeholders" : [ 258,
            259,
            260
          ],
        "publication_date" : "2013-07-30T17:06:36.629",
        "publication_end_date" : null,
        "published" : true,
        "publisher_is_draft" : true,
        "publisher_public" : 57,
        "publisher_state" : 0,
        "reverse_id" : null,
        "rght" : 15,
        "site" : 1,
        "soft_root" : false,
        "template" : "base_two_columns.html",
        "tree_id" : 7
      },
    "model" : "cms.page",
    "pk" : 47
  },
  { "fields" : { "changed_by" : "admin",
        "changed_date" : "2013-07-30T17:06:52.342",
        "created_by" : "admin",
        "creation_date" : "2013-07-30T17:05:45.999",
        "in_navigation" : true,
        "level" : 1,
        "lft" : 16,
        "limit_visibility_in_menu" : null,
        "login_required" : false,
        "navigation_extenders" : "",
        "parent" : 40,
        "placeholders" : [ 261,
            262,
            263
          ],
        "publication_date" : "2013-07-30T17:06:31.753",
        "publication_end_date" : null,
        "published" : true,
        "publisher_is_draft" : true,
        "publisher_public" : 58,
        "publisher_state" : 0,
        "reverse_id" : null,
        "rght" : 17,
        "site" : 1,
        "soft_root" : false,
        "template" : "base_two_columns.html",
        "tree_id" : 7
      },
    "model" : "cms.page",
    "pk" : 48
  },
  { "fields" : { "changed_by" : "admin",
        "changed_date" : "2013-07-30T17:06:52.413",
        "created_by" : "admin",
        "creation_date" : "2013-07-30T17:06:11.533",
        "in_navigation" : true,
        "level" : 1,
        "lft" : 18,
        "limit_visibility_in_menu" : null,
        "login_required" : false,
        "navigation_extenders" : "",
        "parent" : 40,
        "placeholders" : [ 264,
            265,
            266
          ],
        "publication_date" : "2013-07-30T17:06:29.637",
        "publication_end_date" : null,
        "published" : true,
        "publisher_is_draft" : true,
        "publisher_public" : 59,
        "publisher_state" : 0,
        "reverse_id" : null,
        "rght" : 19,
        "site" : 1,
        "soft_root" : false,
        "template" : "base_two_columns.html",
        "tree_id" : 7
      },
    "model" : "cms.page",
    "pk" : 49
  },
  { "fields" : { "changed_by" : "admin",
        "changed_date" : "2013-07-30T17:06:51.730",
        "created_by" : "admin",
        "creation_date" : "2013-07-30T17:06:51.730",
        "in_navigation" : true,
        "level" : 0,
        "lft" : 1,
        "limit_visibility_in_menu" : null,
        "login_required" : false,
        "navigation_extenders" : "",
        "parent" : null,
        "placeholders" : [ 267,
            268,
            269
          ],
        "publication_date" : "2013-07-30T17:06:46.726",
        "publication_end_date" : null,
        "published" : true,
        "publisher_is_draft" : false,
        "publisher_public" : 40,
        "publisher_state" : 0,
        "reverse_id" : "footer-menu",
        "rght" : 20,
        "site" : 1,
        "soft_root" : false,
        "template" : "base_two_columns.html",
        "tree_id" : 3
      },
    "model" : "cms.page",
    "pk" : 50
  },
  { "fields" : { "changed_by" : "admin",
        "changed_date" : "2013-07-30T17:06:51.811",
        "created_by" : "admin",
        "creation_date" : "2013-07-30T17:06:51.811",
        "in_navigation" : true,
        "level" : 1,
        "lft" : 2,
        "limit_visibility_in_menu" : null,
        "login_required" : false,
        "navigation_extenders" : "",
        "parent" : 50,
        "placeholders" : [ 270,
            271,
            272
          ],
        "publication_date" : "2013-07-30T17:06:45.627",
        "publication_end_date" : null,
        "published" : true,
        "publisher_is_draft" : false,
        "publisher_public" : 41,
        "publisher_state" : 0,
        "reverse_id" : null,
        "rght" : 3,
        "site" : 1,
        "soft_root" : false,
        "template" : "base_two_columns.html",
        "tree_id" : 3
      },
    "model" : "cms.page",
    "pk" : 51
  },
  { "fields" : { "changed_by" : "admin",
        "changed_date" : "2013-07-30T17:06:51.883",
        "created_by" : "admin",
        "creation_date" : "2013-07-30T17:06:51.883",
        "in_navigation" : true,
        "level" : 1,
        "lft" : 4,
        "limit_visibility_in_menu" : null,
        "login_required" : false,
        "navigation_extenders" : "",
        "parent" : 50,
        "placeholders" : [ 273,
            274,
            275
          ],
        "publication_date" : "2013-07-30T17:06:44.182",
        "publication_end_date" : null,
        "published" : true,
        "publisher_is_draft" : false,
        "publisher_public" : 42,
        "publisher_state" : 0,
        "reverse_id" : null,
        "rght" : 5,
        "site" : 1,
        "soft_root" : false,
        "template" : "base_two_columns.html",
        "tree_id" : 3
      },
    "model" : "cms.page",
    "pk" : 52
  },
  { "fields" : { "changed_by" : "admin",
        "changed_date" : "2013-07-30T17:06:51.956",
        "created_by" : "admin",
        "creation_date" : "2013-07-30T17:06:51.956",
        "in_navigation" : true,
        "level" : 1,
        "lft" : 6,
        "limit_visibility_in_menu" : null,
        "login_required" : false,
        "navigation_extenders" : "",
        "parent" : 50,
        "placeholders" : [ 276,
            277,
            278
          ],
        "publication_date" : "2013-07-30T17:06:42.774",
        "publication_end_date" : null,
        "published" : true,
        "publisher_is_draft" : false,
        "publisher_public" : 43,
        "publisher_state" : 0,
        "reverse_id" : null,
        "rght" : 7,
        "site" : 1,
        "soft_root" : false,
        "template" : "base_two_columns.html",
        "tree_id" : 3
      },
    "model" : "cms.page",
    "pk" : 53
  },
  { "fields" : { "changed_by" : "admin",
        "changed_date" : "2013-07-30T17:06:52.027",
        "created_by" : "admin",
        "creation_date" : "2013-07-30T17:06:52.027",
        "in_navigation" : true,
        "level" : 1,
        "lft" : 8,
        "limit_visibility_in_menu" : null,
        "login_required" : false,
        "navigation_extenders" : "",
        "parent" : 50,
        "placeholders" : [ 279,
            280,
            281
          ],
        "publication_date" : "2013-07-30T17:06:41.417",
        "publication_end_date" : null,
        "published" : true,
        "publisher_is_draft" : false,
        "publisher_public" : 44,
        "publisher_state" : 0,
        "reverse_id" : null,
        "rght" : 9,
        "site" : 1,
        "soft_root" : false,
        "template" : "base_two_columns.html",
        "tree_id" : 3
      },
    "model" : "cms.page",
    "pk" : 54
  },
  { "fields" : { "changed_by" : "admin",
        "changed_date" : "2013-07-30T17:06:52.097",
        "created_by" : "admin",
        "creation_date" : "2013-07-30T17:06:52.097",
        "in_navigation" : true,
        "level" : 1,
        "lft" : 10,
        "limit_visibility_in_menu" : null,
        "login_required" : false,
        "navigation_extenders" : "",
        "parent" : 50,
        "placeholders" : [ 282,
            283,
            284
          ],
        "publication_date" : "2013-07-30T17:06:40.300",
        "publication_end_date" : null,
        "published" : true,
        "publisher_is_draft" : false,
        "publisher_public" : 45,
        "publisher_state" : 0,
        "reverse_id" : null,
        "rght" : 11,
        "site" : 1,
        "soft_root" : false,
        "template" : "base_two_columns.html",
        "tree_id" : 3
      },
    "model" : "cms.page",
    "pk" : 55
  },
  { "fields" : { "changed_by" : "admin",
        "changed_date" : "2013-07-30T17:06:52.163",
        "created_by" : "admin",
        "creation_date" : "2013-07-30T17:06:52.163",
        "in_navigation" : true,
        "level" : 1,
        "lft" : 12,
        "limit_visibility_in_menu" : null,
        "login_required" : false,
        "navigation_extenders" : "",
        "parent" : 50,
        "placeholders" : [ 285,
            286,
            287
          ],
        "publication_date" : "2013-07-30T17:06:37.924",
        "publication_end_date" : null,
        "published" : true,
        "publisher_is_draft" : false,
        "publisher_public" : 46,
        "publisher_state" : 0,
        "reverse_id" : null,
        "rght" : 13,
        "site" : 1,
        "soft_root" : false,
        "template" : "base_two_columns.html",
        "tree_id" : 3
      },
    "model" : "cms.page",
    "pk" : 56
  },
  { "fields" : { "changed_by" : "admin",
        "changed_date" : "2013-07-30T17:06:52.230",
        "created_by" : "admin",
        "creation_date" : "2013-07-30T17:06:52.230",
        "in_navigation" : true,
        "level" : 1,
        "lft" : 14,
        "limit_visibility_in_menu" : null,
        "login_required" : false,
        "navigation_extenders" : "",
        "parent" : 50,
        "placeholders" : [ 288,
            289,
            290
          ],
        "publication_date" : "2013-07-30T17:06:36.629",
        "publication_end_date" : null,
        "published" : true,
        "publisher_is_draft" : false,
        "publisher_public" : 47,
        "publisher_state" : 0,
        "reverse_id" : null,
        "rght" : 15,
        "site" : 1,
        "soft_root" : false,
        "template" : "base_two_columns.html",
        "tree_id" : 3
      },
    "model" : "cms.page",
    "pk" : 57
  },
  { "fields" : { "changed_by" : "admin",
        "changed_date" : "2013-07-30T17:06:52.298",
        "created_by" : "admin",
        "creation_date" : "2013-07-30T17:06:52.298",
        "in_navigation" : true,
        "level" : 1,
        "lft" : 16,
        "limit_visibility_in_menu" : null,
        "login_required" : false,
        "navigation_extenders" : "",
        "parent" : 50,
        "placeholders" : [ 291,
            292,
            293
          ],
        "publication_date" : "2013-07-30T17:06:31.753",
        "publication_end_date" : null,
        "published" : true,
        "publisher_is_draft" : false,
        "publisher_public" : 48,
        "publisher_state" : 0,
        "reverse_id" : null,
        "rght" : 17,
        "site" : 1,
        "soft_root" : false,
        "template" : "base_two_columns.html",
        "tree_id" : 3
      },
    "model" : "cms.page",
    "pk" : 58
  },
  { "fields" : { "changed_by" : "admin",
        "changed_date" : "2013-07-30T17:06:52.365",
        "created_by" : "admin",
        "creation_date" : "2013-07-30T17:06:52.365",
        "in_navigation" : true,
        "level" : 1,
        "lft" : 18,
        "limit_visibility_in_menu" : null,
        "login_required" : false,
        "navigation_extenders" : "",
        "parent" : 50,
        "placeholders" : [ 294,
            295,
            296
          ],
        "publication_date" : "2013-07-30T17:06:29.637",
        "publication_end_date" : null,
        "published" : true,
        "publisher_is_draft" : false,
        "publisher_public" : 49,
        "publisher_state" : 0,
        "reverse_id" : null,
        "rght" : 19,
        "site" : 1,
        "soft_root" : false,
        "template" : "base_two_columns.html",
        "tree_id" : 3
      },
    "model" : "cms.page",
    "pk" : 59
  },
  { "fields" : { "action" : "ADD",
        "created" : "2013-04-18T15:22:50.673",
        "message" : "",
        "page" : 3,
        "user" : null
      },
    "model" : "cms.pagemoderatorstate",
    "pk" : 4
  },
  { "fields" : { "application_urls" : "",
        "creation_date" : "2013-04-17T16:38:00.809",
        "has_url_overwrite" : false,
        "language" : "fr",
        "menu_title" : "",
        "meta_description" : "",
        "meta_keywords" : "",
        "page" : 3,
        "page_title" : "",
        "path" : "",
        "redirect" : "/mes-e-services",
        "slug" : "top-page",
        "title" : "top-page"
      },
    "model" : "cms.title",
    "pk" : 3
  },
  { "fields" : { "application_urls" : "",
        "creation_date" : "2013-04-17T16:38:21.239",
        "has_url_overwrite" : false,
        "language" : "fr",
        "menu_title" : "",
        "meta_description" : "",
        "meta_keywords" : "",
        "page" : 4,
        "page_title" : "",
        "path" : "mes-e-services",
        "redirect" : "",
        "slug" : "mes-e-services",
        "title" : "Mes e-services"
      },
    "model" : "cms.title",
    "pk" : 4
  },
  { "fields" : { "application_urls" : "",
        "creation_date" : "2013-04-17T16:38:34.760",
        "has_url_overwrite" : false,
        "language" : "fr",
        "menu_title" : "",
        "meta_description" : "",
        "meta_keywords" : "",
        "page" : 5,
        "page_title" : "",
        "path" : "mes-abonnements",
        "redirect" : "",
        "slug" : "mes-abonnements",
        "title" : "Mes abonnements"
      },
    "model" : "cms.title",
    "pk" : 5
  },
  { "fields" : { "application_urls" : "",
        "creation_date" : "2013-04-17T16:38:00.809",
        "has_url_overwrite" : false,
        "language" : "fr",
        "menu_title" : "",
        "meta_description" : "",
        "meta_keywords" : "",
        "page" : 6,
        "page_title" : "",
        "path" : "",
        "redirect" : "/mes-e-services",
        "slug" : "top-page",
        "title" : "top-page"
      },
    "model" : "cms.title",
    "pk" : 6
  },
  { "fields" : { "application_urls" : "",
        "creation_date" : "2013-04-17T16:38:21.239",
        "has_url_overwrite" : false,
        "language" : "fr",
        "menu_title" : "",
        "meta_description" : "",
        "meta_keywords" : "",
        "page" : 7,
        "page_title" : "",
        "path" : "mes-e-services",
        "redirect" : "",
        "slug" : "mes-e-services",
        "title" : "Mes e-services"
      },
    "model" : "cms.title",
    "pk" : 7
  },
  { "fields" : { "application_urls" : "",
        "creation_date" : "2013-04-17T16:38:34.760",
        "has_url_overwrite" : false,
        "language" : "fr",
        "menu_title" : "",
        "meta_description" : "",
        "meta_keywords" : "",
        "page" : 8,
        "page_title" : "",
        "path" : "mes-abonnements",
        "redirect" : "",
        "slug" : "mes-abonnements",
        "title" : "Mes abonnements"
      },
    "model" : "cms.title",
    "pk" : 8
  },
  { "fields" : { "application_urls" : "",
        "creation_date" : "2013-04-17T19:15:13.458",
        "has_url_overwrite" : false,
        "language" : "fr",
        "menu_title" : "",
        "meta_description" : "",
        "meta_keywords" : "",
        "page" : 9,
        "page_title" : "",
        "path" : "mediatheques",
        "redirect" : "",
        "slug" : "mediatheques",
        "title" : "Médiathèques"
      },
    "model" : "cms.title",
    "pk" : 9
  },
  { "fields" : { "application_urls" : "",
        "creation_date" : "2013-04-17T19:15:52.865",
        "has_url_overwrite" : false,
        "language" : "fr",
        "menu_title" : "",
        "meta_description" : "",
        "meta_keywords" : "",
        "page" : 10,
        "page_title" : "",
        "path" : "mon-compte",
        "redirect" : "",
        "slug" : "mon-compte",
        "title" : "Mon compte"
      },
    "model" : "cms.title",
    "pk" : 10
  },
  { "fields" : { "application_urls" : "",
        "creation_date" : "2013-04-17T19:16:05.421",
        "has_url_overwrite" : false,
        "language" : "fr",
        "menu_title" : "",
        "meta_description" : "",
        "meta_keywords" : "",
        "page" : 11,
        "page_title" : "",
        "path" : "aide",
        "redirect" : "",
        "slug" : "aide",
        "title" : "Aide"
      },
    "model" : "cms.title",
    "pk" : 11
  },
  { "fields" : { "application_urls" : "",
        "creation_date" : "2013-04-17T19:15:13.458",
        "has_url_overwrite" : false,
        "language" : "fr",
        "menu_title" : "",
        "meta_description" : "",
        "meta_keywords" : "",
        "page" : 12,
        "page_title" : "",
        "path" : "mediatheques",
        "redirect" : "",
        "slug" : "mediatheques",
        "title" : "Médiathèques"
      },
    "model" : "cms.title",
    "pk" : 12
  },
  { "fields" : { "application_urls" : "",
        "creation_date" : "2013-04-17T19:15:52.865",
        "has_url_overwrite" : false,
        "language" : "fr",
        "menu_title" : "",
        "meta_description" : "",
        "meta_keywords" : "",
        "page" : 13,
        "page_title" : "",
        "path" : "mon-compte",
        "redirect" : "",
        "slug" : "mon-compte",
        "title" : "Mon compte"
      },
    "model" : "cms.title",
    "pk" : 13
  },
  { "fields" : { "application_urls" : "",
        "creation_date" : "2013-04-17T19:16:05.421",
        "has_url_overwrite" : false,
        "language" : "fr",
        "menu_title" : "",
        "meta_description" : "",
        "meta_keywords" : "",
        "page" : 14,
        "page_title" : "",
        "path" : "aide",
        "redirect" : "",
        "slug" : "aide",
        "title" : "Aide"
      },
    "model" : "cms.title",
    "pk" : 14
  },
  { "fields" : { "application_urls" : "",
        "creation_date" : "2013-06-20T10:25:37.173",
        "has_url_overwrite" : false,
        "language" : "fr",
        "menu_title" : "",
        "meta_description" : "",
        "meta_keywords" : "",
        "page" : 16,
        "page_title" : "",
        "path" : "mon-agglo",
        "redirect" : "http://www-test.entrouvert.montpellier-agglo.com/simplesamlphp/module.php/core/as_login.php?ReturnTo=http://www-test.entrouvert.montpellier-agglo.com&AuthId=default-sp",
        "slug" : "mon-agglo",
        "title" : "Mon agglo"
      },
    "model" : "cms.title",
    "pk" : 15
  },
  { "fields" : { "application_urls" : "",
        "creation_date" : "2013-06-20T10:25:37.173",
        "has_url_overwrite" : false,
        "language" : "fr",
        "menu_title" : "",
        "meta_description" : "",
        "meta_keywords" : "",
        "page" : 17,
        "page_title" : "",
        "path" : "mon-agglo",
        "redirect" : "http://www-test.entrouvert.montpellier-agglo.com/simplesamlphp/module.php/core/as_login.php?ReturnTo=http://www-test.entrouvert.montpellier-agglo.com&AuthId=default-sp",
        "slug" : "mon-agglo",
        "title" : "Mon agglo"
      },
    "model" : "cms.title",
    "pk" : 16
  },
  { "fields" : { "application_urls" : null,
        "creation_date" : "2013-07-30T11:10:39.788",
        "has_url_overwrite" : false,
        "language" : "fr",
        "menu_title" : null,
        "meta_description" : null,
        "meta_keywords" : null,
        "page" : 18,
        "page_title" : null,
        "path" : "aide/quest-ce-que-mon-compte-citoyen",
        "redirect" : null,
        "slug" : "quest-ce-que-mon-compte-citoyen",
        "title" : "Qu'est-ce que mon compte citoyen ?"
      },
    "model" : "cms.title",
    "pk" : 17
  },
  { "fields" : { "application_urls" : "",
        "creation_date" : "2013-07-30T11:11:13.880",
        "has_url_overwrite" : false,
        "language" : "fr",
        "menu_title" : "",
        "meta_description" : "",
        "meta_keywords" : "",
        "page" : 19,
        "page_title" : "",
        "path" : "aide/quest-ce-que-mes-e-services",
        "redirect" : "",
        "slug" : "quest-ce-que-mes-e-services",
        "title" : "Qu'est-ce que mes e-services ?"
      },
    "model" : "cms.title",
    "pk" : 18
  },
  { "fields" : { "application_urls" : null,
        "creation_date" : "2013-07-30T11:11:42.736",
        "has_url_overwrite" : false,
        "language" : "fr",
        "menu_title" : null,
        "meta_description" : null,
        "meta_keywords" : null,
        "page" : 20,
        "page_title" : null,
        "path" : "aide/quest-ce-que-mes-abonnements",
        "redirect" : null,
        "slug" : "quest-ce-que-mes-abonnements",
        "title" : "Qu'est-ce que mes abonnements ?"
      },
    "model" : "cms.title",
    "pk" : 19
  },
  { "fields" : { "application_urls" : null,
        "creation_date" : "2013-07-30T11:12:20.429",
        "has_url_overwrite" : false,
        "language" : "fr",
        "menu_title" : null,
        "meta_description" : null,
        "meta_keywords" : null,
        "page" : 21,
        "page_title" : null,
        "path" : "aide/quest-ce-que-mon-compte-citoyen/pourquoi-creer-un-compte-citoyen-sur-montpellier-agglo",
        "redirect" : null,
        "slug" : "pourquoi-creer-un-compte-citoyen-sur-montpellier-agglo",
        "title" : "Pourquoi créer un compte citoyen sur montpellier-agglo ?"
      },
    "model" : "cms.title",
    "pk" : 20
  },
  { "fields" : { "application_urls" : "",
        "creation_date" : "2013-07-30T11:13:01.552",
        "has_url_overwrite" : false,
        "language" : "fr",
        "menu_title" : "",
        "meta_description" : "",
        "meta_keywords" : "",
        "page" : 22,
        "page_title" : "",
        "path" : "aide/quest-ce-que-mon-compte-citoyen/comment-cree-t-un-compte-sur-montpellier-agglo",
        "redirect" : "",
        "slug" : "comment-cree-t-un-compte-sur-montpellier-agglo",
        "title" : "Comment crée-t-on un compte sur montpellier agglo ?"
      },
    "model" : "cms.title",
    "pk" : 21
  },
  { "fields" : { "application_urls" : null,
        "creation_date" : "2013-07-30T11:10:39.788",
        "has_url_overwrite" : false,
        "language" : "fr",
        "menu_title" : null,
        "meta_description" : null,
        "meta_keywords" : null,
        "page" : 23,
        "page_title" : null,
        "path" : "aide/quest-ce-que-mon-compte-citoyen",
        "redirect" : null,
        "slug" : "quest-ce-que-mon-compte-citoyen",
        "title" : "Qu'est-ce que mon compte citoyen ?"
      },
    "model" : "cms.title",
    "pk" : 22
  },
  { "fields" : { "application_urls" : null,
        "creation_date" : "2013-07-30T11:12:20.429",
        "has_url_overwrite" : false,
        "language" : "fr",
        "menu_title" : null,
        "meta_description" : null,
        "meta_keywords" : null,
        "page" : 24,
        "page_title" : null,
        "path" : "aide/quest-ce-que-mon-compte-citoyen/pourquoi-creer-un-compte-citoyen-sur-montpellier-agglo",
        "redirect" : null,
        "slug" : "pourquoi-creer-un-compte-citoyen-sur-montpellier-agglo",
        "title" : "Pourquoi créer un compte citoyen sur montpellier-agglo ?"
      },
    "model" : "cms.title",
    "pk" : 23
  },
  { "fields" : { "application_urls" : "",
        "creation_date" : "2013-07-30T11:13:01.552",
        "has_url_overwrite" : false,
        "language" : "fr",
        "menu_title" : "",
        "meta_description" : "",
        "meta_keywords" : "",
        "page" : 25,
        "page_title" : "",
        "path" : "aide/quest-ce-que-mon-compte-citoyen/comment-cree-t-un-compte-sur-montpellier-agglo",
        "redirect" : "",
        "slug" : "comment-cree-t-un-compte-sur-montpellier-agglo",
        "title" : "Comment crée-t-on un compte sur montpellier agglo ?"
      },
    "model" : "cms.title",
    "pk" : 24
  },
  { "fields" : { "application_urls" : "",
        "creation_date" : "2013-07-30T11:11:13.880",
        "has_url_overwrite" : false,
        "language" : "fr",
        "menu_title" : "",
        "meta_description" : "",
        "meta_keywords" : "",
        "page" : 26,
        "page_title" : "",
        "path" : "aide/quest-ce-que-mes-e-services",
        "redirect" : "",
        "slug" : "quest-ce-que-mes-e-services",
        "title" : "Qu'est-ce que mes e-services ?"
      },
    "model" : "cms.title",
    "pk" : 25
  },
  { "fields" : { "application_urls" : null,
        "creation_date" : "2013-07-30T11:11:42.736",
        "has_url_overwrite" : false,
        "language" : "fr",
        "menu_title" : null,
        "meta_description" : null,
        "meta_keywords" : null,
        "page" : 27,
        "page_title" : null,
        "path" : "aide/quest-ce-que-mes-abonnements",
        "redirect" : null,
        "slug" : "quest-ce-que-mes-abonnements",
        "title" : "Qu'est-ce que mes abonnements ?"
      },
    "model" : "cms.title",
    "pk" : 26
  },
  { "fields" : { "application_urls" : "",
        "creation_date" : "2013-07-30T16:48:10.408",
        "has_url_overwrite" : false,
        "language" : "fr",
        "menu_title" : "",
        "meta_description" : "",
        "meta_keywords" : "",
        "page" : 28,
        "page_title" : "",
        "path" : "agglo-links",
        "redirect" : "/",
        "slug" : "agglo-links",
        "title" : "agglo-links"
      },
    "model" : "cms.title",
    "pk" : 27
  },
  { "fields" : { "application_urls" : "",
        "creation_date" : "2013-07-30T16:48:55.478",
        "has_url_overwrite" : false,
        "language" : "fr",
        "menu_title" : "",
        "meta_description" : "",
        "meta_keywords" : "",
        "page" : 29,
        "page_title" : "",
        "path" : "agglo-links/mon-agglo",
        "redirect" : "http://www-test.entrouvert.montpellier-agglo.com/",
        "slug" : "mon-agglo",
        "title" : "Mon agglo"
      },
    "model" : "cms.title",
    "pk" : 28
  },
  { "fields" : { "application_urls" : "",
        "creation_date" : "2013-07-30T16:49:55.366",
        "has_url_overwrite" : false,
        "language" : "fr",
        "menu_title" : "",
        "meta_description" : "",
        "meta_keywords" : "",
        "page" : 30,
        "page_title" : "",
        "path" : "agglo-links/connaitre",
        "redirect" : "http://www-test.entrouvert.montpellier-agglo.com/widgets/connaitre",
        "slug" : "connaitre",
        "title" : "Connaître"
      },
    "model" : "cms.title",
    "pk" : 29
  },
  { "fields" : { "application_urls" : "",
        "creation_date" : "2013-07-30T16:50:59.014",
        "has_url_overwrite" : false,
        "language" : "fr",
        "menu_title" : "",
        "meta_description" : "",
        "meta_keywords" : "",
        "page" : 31,
        "page_title" : "",
        "path" : "agglo-links/vivre",
        "redirect" : "http://www-test.entrouvert.montpellier-agglo.com/widgets/vivre",
        "slug" : "vivre",
        "title" : "Vivre"
      },
    "model" : "cms.title",
    "pk" : 30
  },
  { "fields" : { "application_urls" : "",
        "creation_date" : "2013-07-30T16:51:35.909",
        "has_url_overwrite" : false,
        "language" : "fr",
        "menu_title" : "",
        "meta_description" : "",
        "meta_keywords" : "",
        "page" : 32,
        "page_title" : "",
        "path" : "agglo-links/entreprendre",
        "redirect" : "http://www-test.entrouvert.montpellier-agglo.com/widgets/entreprendre",
        "slug" : "entreprendre",
        "title" : "Entreprendre"
      },
    "model" : "cms.title",
    "pk" : 31
  },
  { "fields" : { "application_urls" : "",
        "creation_date" : "2013-07-30T16:52:10.093",
        "has_url_overwrite" : false,
        "language" : "fr",
        "menu_title" : "",
        "meta_description" : "",
        "meta_keywords" : "",
        "page" : 33,
        "page_title" : "",
        "path" : "agglo-links/mes-e-services",
        "redirect" : "/",
        "slug" : "mes-e-services",
        "title" : "Mes e-services"
      },
    "model" : "cms.title",
    "pk" : 32
  },
  { "fields" : { "application_urls" : "",
        "creation_date" : "2013-07-30T16:48:10.408",
        "has_url_overwrite" : false,
        "language" : "fr",
        "menu_title" : "",
        "meta_description" : "",
        "meta_keywords" : "",
        "page" : 34,
        "page_title" : "",
        "path" : "agglo-links",
        "redirect" : "/",
        "slug" : "agglo-links",
        "title" : "agglo-links"
      },
    "model" : "cms.title",
    "pk" : 33
  },
  { "fields" : { "application_urls" : "",
        "creation_date" : "2013-07-30T16:48:55.478",
        "has_url_overwrite" : false,
        "language" : "fr",
        "menu_title" : "",
        "meta_description" : "",
        "meta_keywords" : "",
        "page" : 35,
        "page_title" : "",
        "path" : "agglo-links/mon-agglo",
        "redirect" : "http://www-test.entrouvert.montpellier-agglo.com/",
        "slug" : "mon-agglo",
        "title" : "Mon agglo"
      },
    "model" : "cms.title",
    "pk" : 34
  },
  { "fields" : { "application_urls" : "",
        "creation_date" : "2013-07-30T16:49:55.366",
        "has_url_overwrite" : false,
        "language" : "fr",
        "menu_title" : "",
        "meta_description" : "",
        "meta_keywords" : "",
        "page" : 36,
        "page_title" : "",
        "path" : "agglo-links/connaitre",
        "redirect" : "http://www-test.entrouvert.montpellier-agglo.com/widgets/connaitre",
        "slug" : "connaitre",
        "title" : "Connaître"
      },
    "model" : "cms.title",
    "pk" : 35
  },
  { "fields" : { "application_urls" : "",
        "creation_date" : "2013-07-30T16:50:59.014",
        "has_url_overwrite" : false,
        "language" : "fr",
        "menu_title" : "",
        "meta_description" : "",
        "meta_keywords" : "",
        "page" : 37,
        "page_title" : "",
        "path" : "agglo-links/vivre",
        "redirect" : "http://www-test.entrouvert.montpellier-agglo.com/widgets/vivre",
        "slug" : "vivre",
        "title" : "Vivre"
      },
    "model" : "cms.title",
    "pk" : 36
  },
  { "fields" : { "application_urls" : "",
        "creation_date" : "2013-07-30T16:51:35.909",
        "has_url_overwrite" : false,
        "language" : "fr",
        "menu_title" : "",
        "meta_description" : "",
        "meta_keywords" : "",
        "page" : 38,
        "page_title" : "",
        "path" : "agglo-links/entreprendre",
        "redirect" : "http://www-test.entrouvert.montpellier-agglo.com/widgets/entreprendre",
        "slug" : "entreprendre",
        "title" : "Entreprendre"
      },
    "model" : "cms.title",
    "pk" : 37
  },
  { "fields" : { "application_urls" : "",
        "creation_date" : "2013-07-30T16:52:10.093",
        "has_url_overwrite" : false,
        "language" : "fr",
        "menu_title" : "",
        "meta_description" : "",
        "meta_keywords" : "",
        "page" : 39,
        "page_title" : "",
        "path" : "agglo-links/mes-e-services",
        "redirect" : "/",
        "slug" : "mes-e-services",
        "title" : "Mes e-services"
      },
    "model" : "cms.title",
    "pk" : 38
  },
  { "fields" : { "application_urls" : "",
        "creation_date" : "2013-07-30T17:00:19.081",
        "has_url_overwrite" : false,
        "language" : "fr",
        "menu_title" : "",
        "meta_description" : "",
        "meta_keywords" : "",
        "page" : 40,
        "page_title" : "",
        "path" : "footer-menu",
        "redirect" : "",
        "slug" : "footer-menu",
        "title" : "footer-menu"
      },
    "model" : "cms.title",
    "pk" : 39
  },
  { "fields" : { "application_urls" : "",
        "creation_date" : "2013-07-30T17:01:03.653",
        "has_url_overwrite" : false,
        "language" : "fr",
        "menu_title" : "",
        "meta_description" : "",
        "meta_keywords" : "",
        "page" : 41,
        "page_title" : "",
        "path" : "footer-menu/je-me-deplace",
        "redirect" : "http://www-test.entrouvert.montpellier-agglo.com/simplesamlphp/module.php/core/as_login.php?ReturnTo=/vivre/transport&AuthId=default-sp",
        "slug" : "je-me-deplace",
        "title" : "Je me déplace"
      },
    "model" : "cms.title",
    "pk" : 40
  },
  { "fields" : { "application_urls" : "",
        "creation_date" : "2013-07-30T17:03:14.593",
        "has_url_overwrite" : false,
        "language" : "fr",
        "menu_title" : "",
        "meta_description" : "",
        "meta_keywords" : "",
        "page" : 42,
        "page_title" : "",
        "path" : "footer-menu/je-preserve",
        "redirect" : "http://www-test.entrouvert.montpellier-agglo.com/simplesamlphp/module.php/core/as_login.php?ReturnTo=/vivre/environnement&AuthId=default-sp",
        "slug" : "je-preserve",
        "title" : "Je préserve"
      },
    "model" : "cms.title",
    "pk" : 41
  },
  { "fields" : { "application_urls" : "",
        "creation_date" : "2013-07-30T17:04:00.668",
        "has_url_overwrite" : false,
        "language" : "fr",
        "menu_title" : "",
        "meta_description" : "",
        "meta_keywords" : "",
        "page" : 43,
        "page_title" : "",
        "path" : "footer-menu/je-travaille",
        "redirect" : "http://www-test.entrouvert.montpellier-agglo.com/simplesamlphp/module.php/core/as_login.php?ReturnTo=/entreprendre&AuthId=default-sp",
        "slug" : "je-travaille",
        "title" : "Je travaille"
      },
    "model" : "cms.title",
    "pk" : 42
  },
  { "fields" : { "application_urls" : "",
        "creation_date" : "2013-07-30T17:04:17.911",
        "has_url_overwrite" : false,
        "language" : "fr",
        "menu_title" : "",
        "meta_description" : "",
        "meta_keywords" : "",
        "page" : 44,
        "page_title" : "",
        "path" : "footer-menu/je-partage",
        "redirect" : "http://www-test.entrouvert.montpellier-agglo.com/simplesamlphp/module.php/core/as_login.php?ReturnTo=/vivre/solidarit%C3%A9&AuthId=default-sp",
        "slug" : "je-partage",
        "title" : "Je partage"
      },
    "model" : "cms.title",
    "pk" : 43
  },
  { "fields" : { "application_urls" : "",
        "creation_date" : "2013-07-30T17:04:33.030",
        "has_url_overwrite" : false,
        "language" : "fr",
        "menu_title" : "",
        "meta_description" : "",
        "meta_keywords" : "",
        "page" : 45,
        "page_title" : "",
        "path" : "footer-menu/je-me-cultive",
        "redirect" : "http://www-test.entrouvert.montpellier-agglo.com/simplesamlphp/module.php/core/as_login.php?ReturnTo=/vivre/culture&AuthId=default-sp",
        "slug" : "je-me-cultive",
        "title" : "Je me cultive"
      },
    "model" : "cms.title",
    "pk" : 44
  },
  { "fields" : { "application_urls" : "",
        "creation_date" : "2013-07-30T17:05:04.038",
        "has_url_overwrite" : false,
        "language" : "fr",
        "menu_title" : "",
        "meta_description" : "",
        "meta_keywords" : "",
        "page" : 46,
        "page_title" : "",
        "path" : "footer-menu/je-decouvre",
        "redirect" : "http://www-test.entrouvert.montpellier-agglo.com/simplesamlphp/module.php/core/as_login.php?ReturnTo=/vivre/tourisme-traditions&AuthId=default-sp",
        "slug" : "je-decouvre",
        "title" : "Je découvre"
      },
    "model" : "cms.title",
    "pk" : 45
  },
  { "fields" : { "application_urls" : "",
        "creation_date" : "2013-07-30T17:05:18.936",
        "has_url_overwrite" : false,
        "language" : "fr",
        "menu_title" : "",
        "meta_description" : "",
        "meta_keywords" : "",
        "page" : 47,
        "page_title" : "",
        "path" : "footer-menu/je-moxygene",
        "redirect" : "http://www-test.entrouvert.montpellier-agglo.com/simplesamlphp/module.php/core/as_login.php?ReturnTo=http://www-test.entrouvert.montpellier-agglo.com/vivre/sport&AuthId=default-sp",
        "slug" : "je-moxygene",
        "title" : "Je m'oxygène"
      },
    "model" : "cms.title",
    "pk" : 46
  },
  { "fields" : { "application_urls" : "",
        "creation_date" : "2013-07-30T17:05:46.027",
        "has_url_overwrite" : false,
        "language" : "fr",
        "menu_title" : "",
        "meta_description" : "",
        "meta_keywords" : "",
        "page" : 48,
        "page_title" : "",
        "path" : "footer-menu/je-me-loge",
        "redirect" : "http://www-test.entrouvert.montpellier-agglo.com/simplesamlphp/module.php/core/as_login.php?ReturnTo=http://www-test.entrouvert.montpellier-agglo.com/conna%C3%AEtre-comp%C3%A9tences/logement&AuthId=default-sp",
        "slug" : "je-me-loge",
        "title" : "Je me loge"
      },
    "model" : "cms.title",
    "pk" : 47
  },
  { "fields" : { "application_urls" : "",
        "creation_date" : "2013-07-30T17:06:11.560",
        "has_url_overwrite" : false,
        "language" : "fr",
        "menu_title" : "",
        "meta_description" : "",
        "meta_keywords" : "",
        "page" : 49,
        "page_title" : "",
        "path" : "footer-menu/je-participie",
        "redirect" : "http://www.monagglo2020.com/",
        "slug" : "je-participie",
        "title" : "Je participie"
      },
    "model" : "cms.title",
    "pk" : 48
  },
  { "fields" : { "application_urls" : "",
        "creation_date" : "2013-07-30T17:00:19.081",
        "has_url_overwrite" : false,
        "language" : "fr",
        "menu_title" : "",
        "meta_description" : "",
        "meta_keywords" : "",
        "page" : 50,
        "page_title" : "",
        "path" : "footer-menu",
        "redirect" : "",
        "slug" : "footer-menu",
        "title" : "footer-menu"
      },
    "model" : "cms.title",
    "pk" : 49
  },
  { "fields" : { "application_urls" : "",
        "creation_date" : "2013-07-30T17:01:03.653",
        "has_url_overwrite" : false,
        "language" : "fr",
        "menu_title" : "",
        "meta_description" : "",
        "meta_keywords" : "",
        "page" : 51,
        "page_title" : "",
        "path" : "footer-menu/je-me-deplace",
        "redirect" : "http://www-test.entrouvert.montpellier-agglo.com/simplesamlphp/module.php/core/as_login.php?ReturnTo=/vivre/transport&AuthId=default-sp",
        "slug" : "je-me-deplace",
        "title" : "Je me déplace"
      },
    "model" : "cms.title",
    "pk" : 50
  },
  { "fields" : { "application_urls" : "",
        "creation_date" : "2013-07-30T17:03:14.593",
        "has_url_overwrite" : false,
        "language" : "fr",
        "menu_title" : "",
        "meta_description" : "",
        "meta_keywords" : "",
        "page" : 52,
        "page_title" : "",
        "path" : "footer-menu/je-preserve",
        "redirect" : "http://www-test.entrouvert.montpellier-agglo.com/simplesamlphp/module.php/core/as_login.php?ReturnTo=/vivre/environnement&AuthId=default-sp",
        "slug" : "je-preserve",
        "title" : "Je préserve"
      },
    "model" : "cms.title",
    "pk" : 51
  },
  { "fields" : { "application_urls" : "",
        "creation_date" : "2013-07-30T17:04:00.668",
        "has_url_overwrite" : false,
        "language" : "fr",
        "menu_title" : "",
        "meta_description" : "",
        "meta_keywords" : "",
        "page" : 53,
        "page_title" : "",
        "path" : "footer-menu/je-travaille",
        "redirect" : "http://www-test.entrouvert.montpellier-agglo.com/simplesamlphp/module.php/core/as_login.php?ReturnTo=/entreprendre&AuthId=default-sp",
        "slug" : "je-travaille",
        "title" : "Je travaille"
      },
    "model" : "cms.title",
    "pk" : 52
  },
  { "fields" : { "application_urls" : "",
        "creation_date" : "2013-07-30T17:04:17.911",
        "has_url_overwrite" : false,
        "language" : "fr",
        "menu_title" : "",
        "meta_description" : "",
        "meta_keywords" : "",
        "page" : 54,
        "page_title" : "",
        "path" : "footer-menu/je-partage",
        "redirect" : "http://www-test.entrouvert.montpellier-agglo.com/simplesamlphp/module.php/core/as_login.php?ReturnTo=/vivre/solidarit%C3%A9&AuthId=default-sp",
        "slug" : "je-partage",
        "title" : "Je partage"
      },
    "model" : "cms.title",
    "pk" : 53
  },
  { "fields" : { "application_urls" : "",
        "creation_date" : "2013-07-30T17:04:33.030",
        "has_url_overwrite" : false,
        "language" : "fr",
        "menu_title" : "",
        "meta_description" : "",
        "meta_keywords" : "",
        "page" : 55,
        "page_title" : "",
        "path" : "footer-menu/je-me-cultive",
        "redirect" : "http://www-test.entrouvert.montpellier-agglo.com/simplesamlphp/module.php/core/as_login.php?ReturnTo=/vivre/culture&AuthId=default-sp",
        "slug" : "je-me-cultive",
        "title" : "Je me cultive"
      },
    "model" : "cms.title",
    "pk" : 54
  },
  { "fields" : { "application_urls" : "",
        "creation_date" : "2013-07-30T17:05:04.038",
        "has_url_overwrite" : false,
        "language" : "fr",
        "menu_title" : "",
        "meta_description" : "",
        "meta_keywords" : "",
        "page" : 56,
        "page_title" : "",
        "path" : "footer-menu/je-decouvre",
        "redirect" : "http://www-test.entrouvert.montpellier-agglo.com/simplesamlphp/module.php/core/as_login.php?ReturnTo=/vivre/tourisme-traditions&AuthId=default-sp",
        "slug" : "je-decouvre",
        "title" : "Je découvre"
      },
    "model" : "cms.title",
    "pk" : 55
  },
  { "fields" : { "application_urls" : "",
        "creation_date" : "2013-07-30T17:05:18.936",
        "has_url_overwrite" : false,
        "language" : "fr",
        "menu_title" : "",
        "meta_description" : "",
        "meta_keywords" : "",
        "page" : 57,
        "page_title" : "",
        "path" : "footer-menu/je-moxygene",
        "redirect" : "http://www-test.entrouvert.montpellier-agglo.com/simplesamlphp/module.php/core/as_login.php?ReturnTo=http://www-test.entrouvert.montpellier-agglo.com/vivre/sport&AuthId=default-sp",
        "slug" : "je-moxygene",
        "title" : "Je m'oxygène"
      },
    "model" : "cms.title",
    "pk" : 56
  },
  { "fields" : { "application_urls" : "",
        "creation_date" : "2013-07-30T17:05:46.027",
        "has_url_overwrite" : false,
        "language" : "fr",
        "menu_title" : "",
        "meta_description" : "",
        "meta_keywords" : "",
        "page" : 58,
        "page_title" : "",
        "path" : "footer-menu/je-me-loge",
        "redirect" : "http://www-test.entrouvert.montpellier-agglo.com/simplesamlphp/module.php/core/as_login.php?ReturnTo=http://www-test.entrouvert.montpellier-agglo.com/conna%C3%AEtre-comp%C3%A9tences/logement&AuthId=default-sp",
        "slug" : "je-me-loge",
        "title" : "Je me loge"
      },
    "model" : "cms.title",
    "pk" : 57
  },
  { "fields" : { "application_urls" : "",
        "creation_date" : "2013-07-30T17:06:11.560",
        "has_url_overwrite" : false,
        "language" : "fr",
        "menu_title" : "",
        "meta_description" : "",
        "meta_keywords" : "",
        "page" : 59,
        "page_title" : "",
        "path" : "footer-menu/je-participie",
        "redirect" : "http://www.monagglo2020.com/",
        "slug" : "je-participie",
        "title" : "Je participie"
      },
    "model" : "cms.title",
    "pk" : 58
  },
  { "fields" : { "body" : "<h2>Compte lecteur</h2><p>Ici bientôt les informations de votre compte lecteur</p>",
        "wrapper" : "block"
      },
    "model" : "cmsplugin_text_wrapper.textwrapper",
    "pk" : 610
  },
  { "fields" : { "body" : "",
        "wrapper" : ""
      },
    "model" : "cmsplugin_text_wrapper.textwrapper",
    "pk" : 619
  },
  { "fields" : { "body" : "<h2>Démarches en ligne</h2><p>Retrouvez ici les catégories de démarches en ligne disponibles.</p><h3>Mon Agglomération</h3><div><img alt=\"Plugin source de donnée - Plugin contenant 2 sources\" id=\"plugin_obj_1231\" title=\"Plugin source de donnée - Plugin contenant 2 sources\"></div><h3>Ma commune</h3><p>Ici <span style=\"background-color: rgb(255, 255, 255); font-family: serif;\">bientôt les e-services de votre commune</span></p>\n<select id=\"commune-selector\">\n<option value=\"none\">---</option>\n</select>",
        "wrapper" : "block"
      },
    "model" : "cmsplugin_text_wrapper.textwrapper",
    "pk" : 620
  },
  { "fields" : { "body" : "<h2>Vos flux</h2><p><img alt=\"Choisir ses flux - 759\" id=\"plugin_obj_759\" title=\"Choisir ses flux - 759\"></p>",
        "wrapper" : "block"
      },
    "model" : "cmsplugin_text_wrapper.textwrapper",
    "pk" : 758
  },
  { "fields" : { "body" : "<h2>Newsletters</h2>\n<p>Vos abonnements sont marqués d'une ✓ et affichés en vert.</p>\n<p><img alt=\"Plugin source de donnée - Plugin contenant 1 sources\" id=\"plugin_obj_761\" title=\"Plugin source de donnée - Plugin contenant 1 sources\"></p>",
        "wrapper" : "block"
      },
    "model" : "cmsplugin_text_wrapper.textwrapper",
    "pk" : 760
  },
  { "fields" : { "body" : "",
        "wrapper" : ""
      },
    "model" : "cmsplugin_text_wrapper.textwrapper",
    "pk" : 770
  },
  { "fields" : { "body" : "",
        "wrapper" : ""
      },
    "model" : "cmsplugin_text_wrapper.textwrapper",
    "pk" : 771
  },
  { "fields" : { "body" : "<h2>Mes flux d'infos</h2><p>Les informations proviennent des flux sélectionnés dans « <a href=\"https://idp-test-entrouvert.montpellier-agglo.com/fr/mes-abonnements/\">Mes abonnements</a> ».</p><div><img alt=\"Afficher les flux de l&amp;#39;utilisateur - 1158\" id=\"plugin_obj_1158\" title=\"Afficher les flux de l&amp;#39;utilisateur - 1158\"></div>",
        "wrapper" : "block"
      },
    "model" : "cmsplugin_text_wrapper.textwrapper",
    "pk" : 776
  },
  { "fields" : { "body" : "<h2>Mes démarches en cours</h2><p>Cliquez sur une de vos démarches en cours pour en afficher le détail.</p><div><img alt=\"Plugin source de donnée - Plugin contenant 1 sources\" id=\"plugin_obj_1259\" title=\"Plugin source de donnée - Plugin contenant 1 sources\"></div>",
        "wrapper" : "block"
      },
    "model" : "cmsplugin_text_wrapper.textwrapper",
    "pk" : 781
  },
  { "fields" : { "body" : "<h2>Utilisation du compte citoyen</h2><p>Votre compte citoyen va vous permettre :</p><ul><li>d'accomplir vos démarches en ligne 24h/24 auprès de Montpellier Agglo dans un premier temps puis à terme auprès de la médiathèque, de l'écolothèque, du conservatoire et de votre commune.</li><li>De suivre le traitement de vos démarches après avoir rempli un formulaire en ligne, qu'il s'agisse par exemple de contacter le réseau des piscines, de demander un abonnement à la téléalarme, de contacter le service des déchets...</li><li>De préremplir vos coordonnées directement dans les formulaires, à partir de celles que vous aurez indiquées sur votre compte.</li></ul>",
        "wrapper" : "block"
      },
    "model" : "cmsplugin_text_wrapper.textwrapper",
    "pk" : 1291
  },
  { "fields" : { "body" : "<h2>Trouver de l'aide</h2><p>Pour aller plus loin dans la compréhension du fonctionnement du compte citoyen vous pouvez consulter l'aide en ligne ou <a href=\"https://eservices-test-entrouvert.montpellier-agglo.com/nous-contacter/\">contacter le support</a>.</p>",
        "wrapper" : "block"
      },
    "model" : "cmsplugin_text_wrapper.textwrapper",
    "pk" : 1292
  },
  { "fields" : { "body" : "<h2>Services en ligne</h2><p>Différents services en lignes offerts par l'agglomération et ses partenaires sont listées ci dessous.</p><div><ul>\n\n<li><a href=\"http://ecolotheque.montpellier-agglo.com/espace-parents/compte-famille/\">Ecolothèque : Compte famille</a></li><li><a href=\"http://museefabre.montpellier-agglo.getaticket.com/Offres.aspx\">Musée Fabre : réservation en ligne</a></li><li><a href=\"http://data.montpellier-agglo.com\">Open Data</a></li><li><a href=\"https://marches.montpellier-agglo.com\">Marchés publics dématérialisés</a></li><li><a href=\"http://www-test.entrouvert.montpellier-agglo.com/conna%C3%AEtre-fonctionnement-conseil-d-agglom%C3%A9ration/d%C3%A9lib%C3%A9rations\">Délibérations en ligne</a></li></ul></div>",
        "wrapper" : "block"
      },
    "model" : "cmsplugin_text_wrapper.textwrapper",
    "pk" : 1337
  },
  { "fields" : { "body" : "<h2>Compte lecteur</h2><p>Ici bientôt les informations de votre compte lecteur</p>",
        "wrapper" : "block"
      },
    "model" : "cmsplugin_text_wrapper.textwrapper",
    "pk" : 1513
  },
  { "fields" : { "body" : "<h2>Annonces SMS</h2><p><img alt=\"Abonnement aux annonces - 1587\" id=\"plugin_obj_1587\" title=\"Abonnement aux annonces - 1587\"></p>",
        "wrapper" : "block"
      },
    "model" : "cmsplugin_text_wrapper.textwrapper",
    "pk" : 1586
  },
  { "fields" : { "body" : "<h2>Mes flux d'infos</h2><p>Sélectionnez ici les flux d'informations que vous souhaitez suivre.</p><p><img alt=\"Choisir ses flux RSS - 1589\" id=\"plugin_obj_1589\" title=\"Choisir ses flux RSS - 1589\"></p>",
        "wrapper" : "block"
      },
    "model" : "cmsplugin_text_wrapper.textwrapper",
    "pk" : 1588
  },
  { "fields" : { "body" : "<h2>Newsletters</h2><p>Cliquez sur une newsletter pour vous (dés)abonner et sauvegardez les changements avec le bouton Modifier.</p><p><img alt=\"passerelle register plugin - &amp;lt;PasserelleRegisterPlugin https://passerelle-test-entrouvert.montpellier-agglo.com/register/newsletter/json&amp;gt;\" id=\"plugin_obj_1591\" title=\"passerelle register plugin - &amp;lt;PasserelleRegisterPlugin https://passerelle-test-entrouvert.montpellier-agglo.com/register/newsletter/json&amp;gt;\"></p>",
        "wrapper" : "block"
      },
    "model" : "cmsplugin_text_wrapper.textwrapper",
    "pk" : 1590
  },
  { "fields" : { "body" : "<h2>Mes annonces</h2><p>Vous pouvez recevoir par courriel ou SMS des annonces envoyées par l'agglomération . Choisissez ici les domaines qui vous intéressent et le mode de réception souhaité.</p><p><img alt=\"Abonnement aux annonces - 1593\" id=\"plugin_obj_1593\" title=\"Abonnement aux annonces - 1593\"></p>",
        "wrapper" : "block"
      },
    "model" : "cmsplugin_text_wrapper.textwrapper",
    "pk" : 1592
  },
  { "fields" : { "body" : "<h2>Vos flux</h2><p><img src=\"\" alt=\"Choisir ses flux RSS - 1633\" title=\"Choisir ses flux RSS - 1633\" id=\"plugin_obj_1633\" /></p>",
        "wrapper" : "block"
      },
    "model" : "cmsplugin_text_wrapper.textwrapper",
    "pk" : 1632
  },
  { "fields" : { "body" : "<h2>Newsletters</h2>\n<p>Vos abonnements sont marqués d'une ✓ et affichés en vert.</p>\n<p><img src=\"\" alt=\"Plugin source de donnée - Plugin contenant 1 sources\" title=\"Plugin source de donnée - Plugin contenant 1 sources\" id=\"plugin_obj_1635\" /></p>",
        "wrapper" : "block"
      },
    "model" : "cmsplugin_text_wrapper.textwrapper",
    "pk" : 1634
  },
  { "fields" : { "body" : "<h2>Annonces SMS</h2><p><img src=\"\" alt=\"Abonnement aux annonces - 1637\" title=\"Abonnement aux annonces - 1637\" id=\"plugin_obj_1637\" /></p>",
        "wrapper" : "block"
      },
    "model" : "cmsplugin_text_wrapper.textwrapper",
    "pk" : 1636
  },
  { "fields" : { "body" : "<h2>Mes annonces</h2><p>Vous pouvez recevoir par courriel ou SMS des annonces envoyées par l'agglomération . Choisissez ici les domaines qui vous intéressent et le mode de réception souhaité.</p><p><img src=\"\" alt=\"Abonnement aux annonces - 1639\" title=\"Abonnement aux annonces - 1639\" id=\"plugin_obj_1639\" /></p>",
        "wrapper" : "block"
      },
    "model" : "cmsplugin_text_wrapper.textwrapper",
    "pk" : 1638
  },
  { "fields" : { "body" : "<h2>Mes flux d'infos</h2><p>Sélectionnez ici les flux d'informations que vous souhaitez suivre.</p><p><img src=\"\" alt=\"Choisir ses flux RSS - 1641\" title=\"Choisir ses flux RSS - 1641\" id=\"plugin_obj_1641\" /></p>",
        "wrapper" : "block"
      },
    "model" : "cmsplugin_text_wrapper.textwrapper",
    "pk" : 1640
  },
  { "fields" : { "body" : "<h2>Newsletters</h2><p>Cliquez sur une newsletter pour vous (dés)abonner et sauvegardez les changements avec le bouton Modifier.</p><p><img src=\"\" alt=\"passerelle register plugin - &lt;PasserelleRegisterPlugin https://passerelle-test-entrouvert.montpellier-agglo.com/register/newsletter/json&gt;\" title=\"passerelle register plugin - &lt;PasserelleRegisterPlugin https://passerelle-test-entrouvert.montpellier-agglo.com/register/newsletter/json&gt;\" id=\"plugin_obj_1643\" /></p>",
        "wrapper" : "block"
      },
    "model" : "cmsplugin_text_wrapper.textwrapper",
    "pk" : 1642
  },
  { "fields" : { "body" : "",
        "wrapper" : ""
      },
    "model" : "cmsplugin_text_wrapper.textwrapper",
    "pk" : 1655
  },
  { "fields" : { "body" : "<h2>Démarches en ligne</h2><p>Retrouvez ici les catégories de démarches en ligne disponibles.</p><h3>Mon Agglomération</h3><div><img src=\"\" alt=\"Plugin source de donnée - Plugin contenant 2 sources\" title=\"Plugin source de donnée - Plugin contenant 2 sources\" id=\"plugin_obj_1657\" /></div><h3>Ma commune</h3><p>Ici <span style=\"background-color: rgb(255, 255, 255); font-family: serif;\">bientôt les e-services de votre commune</span></p>\n<select id=\"commune-selector\">\n<option value=\"none\">---</option>\n</select>",
        "wrapper" : "block"
      },
    "model" : "cmsplugin_text_wrapper.textwrapper",
    "pk" : 1656
  },
  { "fields" : { "body" : "",
        "wrapper" : ""
      },
    "model" : "cmsplugin_text_wrapper.textwrapper",
    "pk" : 1658
  },
  { "fields" : { "body" : "",
        "wrapper" : ""
      },
    "model" : "cmsplugin_text_wrapper.textwrapper",
    "pk" : 1659
  },
  { "fields" : { "body" : "<h2>Services en ligne</h2><p>Différents services en lignes offerts par l'agglomération et ses partenaires sont listées ci dessous.</p><div><ul>\n\n<li><a href=\"http://ecolotheque.montpellier-agglo.com/espace-parents/compte-famille/\">Ecolothèque : Compte famille</a></li><li><a href=\"http://museefabre.montpellier-agglo.getaticket.com/Offres.aspx\">Musée Fabre : réservation en ligne</a></li><li><a href=\"http://data.montpellier-agglo.com\">Open Data</a></li><li><a href=\"https://marches.montpellier-agglo.com\">Marchés publics dématérialisés</a></li><li><a href=\"http://www-test.entrouvert.montpellier-agglo.com/conna%C3%AEtre-fonctionnement-conseil-d-agglom%C3%A9ration/d%C3%A9lib%C3%A9rations\">Délibérations en ligne</a></li></ul></div>",
        "wrapper" : "block"
      },
    "model" : "cmsplugin_text_wrapper.textwrapper",
    "pk" : 1660
  },
  { "fields" : { "body" : "<h2>Mes flux d'infos</h2><p>Les informations proviennent des flux sélectionnés dans « <a href=\"https://idp-test-entrouvert.montpellier-agglo.com/fr/mes-abonnements/\">Mes abonnements</a> ».</p><div><img src=\"\" alt=\"Afficher les flux RSS de l&#39;utilisateur - 1662\" title=\"Afficher les flux RSS de l&#39;utilisateur - 1662\" id=\"plugin_obj_1662\" /></div>",
        "wrapper" : "block"
      },
    "model" : "cmsplugin_text_wrapper.textwrapper",
    "pk" : 1661
  },
  { "fields" : { "body" : "<h2>Mes démarches en cours</h2><p>Cliquez sur une de vos démarches en cours pour en afficher le détail.</p><div><img src=\"\" alt=\"Plugin source de donnée - Plugin contenant 1 sources\" title=\"Plugin source de donnée - Plugin contenant 1 sources\" id=\"plugin_obj_1664\" /></div>",
        "wrapper" : "block"
      },
    "model" : "cmsplugin_text_wrapper.textwrapper",
    "pk" : 1663
  },
  { "fields" : { "body" : "<h2>Utilisation du compte citoyen</h2><p>Votre compte citoyen va vous permettre :</p><ul><li>d'accomplir vos démarches en ligne 24h/24 auprès de Montpellier Agglo dans un premier temps puis à terme auprès de la médiathèque, de l'écolothèque, du conservatoire et de votre commune.</li><li>De suivre le traitement de vos démarches après avoir rempli un formulaire en ligne, qu'il s'agisse par exemple de contacter le réseau des piscines, de demander un abonnement à la téléalarme, de contacter le service des déchets...</li><li>De préremplir vos coordonnées directement dans les formulaires, à partir de celles que vous aurez indiquées sur votre compte.</li></ul>",
        "wrapper" : "block"
      },
    "model" : "cmsplugin_text_wrapper.textwrapper",
    "pk" : 1667
  },
  { "fields" : { "body" : "<h2>Trouver de l'aide</h2><p>Pour aller plus loin dans la compréhension du fonctionnement du compte citoyen vous pouvez consulter l'aide en ligne ou <a href=\"https://eservices-test-entrouvert.montpellier-agglo.com/nous-contacter/\">contacter le support</a>.</p>",
        "wrapper" : "block"
      },
    "model" : "cmsplugin_text_wrapper.textwrapper",
    "pk" : 1668
  },
  { "fields" : { "auto_hide" : false,
        "auto_play" : false,
        "bgcolor" : "000000",
        "buttonhighlightcolor" : "FFFFFF",
        "buttonoutcolor" : "333333",
        "buttonovercolor" : "000000",
        "fullscreen" : false,
        "height" : 371,
        "image" : "cms_page_media/11/compte-citoyen.png",
        "loadingbarcolor" : "828282",
        "loop" : false,
        "movie" : "",
        "movie_url" : "https://www.youtube.com/watch?v=4ria7AhD7ro",
        "seekbarbgcolor" : "333333",
        "seekbarcolor" : "13ABEC",
        "textcolor" : "FFFFFF",
        "width" : 495
      },
    "model" : "video.video",
    "pk" : 1290
  },
  { "fields" : { "auto_hide" : false,
        "auto_play" : false,
        "bgcolor" : "000000",
        "buttonhighlightcolor" : "FFFFFF",
        "buttonoutcolor" : "333333",
        "buttonovercolor" : "000000",
        "fullscreen" : false,
        "height" : 371,
        "image" : "cms_page_media/11/compte-citoyen.png",
        "loadingbarcolor" : "828282",
        "loop" : false,
        "movie" : "",
        "movie_url" : "https://www.youtube.com/watch?v=4ria7AhD7ro",
        "seekbarbgcolor" : "333333",
        "seekbarcolor" : "13ABEC",
        "textcolor" : "FFFFFF",
        "width" : 495
      },
    "model" : "video.video",
    "pk" : 1666
  },
  { "fields" : {  },
    "model" : "login_plugin.loginplugin",
    "pk" : 606
  },
  { "fields" : {  },
    "model" : "login_plugin.loginplugin",
    "pk" : 637
  },
  { "fields" : {  },
    "model" : "login_plugin.loginplugin",
    "pk" : 1289
  },
  { "fields" : { "hash_algo" : "",
        "mime_type" : "text/json",
        "name" : "newsletters",
        "signature_key" : "",
        "url" : "http://www-test.entrouvert.montpellier-agglo.com/json/newsletters?nameid={{federations.service_3.links.0}}"
      },
    "model" : "data_source_plugin.datasource",
    "pk" : 1
  },
  { "fields" : { "hash_algo" : "sha256",
        "mime_type" : "text/json",
        "name" : "Formulaires",
        "signature_key" : "12345",
        "url" : "https://eservices-test-entrouvert.montpellier-agglo.com/myspace/json/forms?NameID={{federations.service_2.links.0}}&orig=idp-test-entrouvert.montpellier-agglo.com"
      },
    "model" : "data_source_plugin.datasource",
    "pk" : 2
  },
  { "fields" : { "hash_algo" : "sha256",
        "mime_type" : "text/json",
        "name" : "Liste des formulaires e-services",
        "signature_key" : "12345",
        "url" : "https://eservices-test-entrouvert.montpellier-agglo.com/json?NameID={{federations.service_2.links.0}}&orig=idp-test-entrouvert.montpellier-agglo.com"
      },
    "model" : "data_source_plugin.datasource",
    "pk" : 3
  },
  { "fields" : { "hash_algo" : "",
        "mime_type" : "application/rss+xml",
        "name" : "Flux RSS OpenData Agglo",
        "signature_key" : "",
        "url" : "http://data.montpellier-agglo.com/?q=flux-rss-donnees.xml"
      },
    "model" : "data_source_plugin.datasource",
    "pk" : 4
  },
  { "fields" : { "hash_algo" : "",
        "mime_type" : "application/rss+xml",
        "name" : "Flux RSS médiathèque",
        "signature_key" : "",
        "url" : "http://services.mediatheque.montpellier-agglo.com/medias/selectionRss.aspx?INSTANCE=EXPLOITATION&SEL=SELECTION_ID_5"
      },
    "model" : "data_source_plugin.datasource",
    "pk" : 5
  },
  { "fields" : { "hash_algo" : "",
        "mime_type" : "application/rss+xml",
        "name" : "Flux RSS Facebook Agglo",
        "signature_key" : "",
        "url" : "https://www.facebook.com/feeds/page.php?format=rss20&id=149399375123718"
      },
    "model" : "data_source_plugin.datasource",
    "pk" : 6
  },
  { "fields" : { "hash_algo" : "sha256",
        "mime_type" : "text/json",
        "name" : "Informations utilisateur",
        "signature_key" : "12345",
        "url" : "https://eservices-test-entrouvert.montpellier-agglo.com/user?format=json&NameID={{federations.service_2.links.0}}&orig=idp-test-entrouvert.montpellier-agglo.com"
      },
    "model" : "data_source_plugin.datasource",
    "pk" : 7
  },
  { "fields" : { "hash_algo" : "sha256",
        "mime_type" : "text/json",
        "name" : "Catégories de formulaire",
        "signature_key" : "12345",
        "url" : "https://eservices-test-entrouvert.montpellier-agglo.com/categories?format=json&NameID={{federations.service_2.links.0}}&orig=idp-test-entrouvert.montpellier-agglo.com"
      },
    "model" : "data_source_plugin.datasource",
    "pk" : 8
  },
  { "fields" : { "order" : 0,
        "plugin" : 603,
        "source" : 1
      },
    "model" : "data_source_plugin.plugindatasource",
    "pk" : 109
  },
  { "fields" : { "order" : 0,
        "plugin" : 605,
        "source" : 2
      },
    "model" : "data_source_plugin.plugindatasource",
    "pk" : 110
  },
  { "fields" : { "order" : 0,
        "plugin" : 609,
        "source" : 3
      },
    "model" : "data_source_plugin.plugindatasource",
    "pk" : 111
  },
  { "fields" : { "order" : 0,
        "plugin" : 761,
        "source" : 1
      },
    "model" : "data_source_plugin.plugindatasource",
    "pk" : 149
  },
  { "fields" : { "order" : 0,
        "plugin" : 1231,
        "source" : 8
      },
    "model" : "data_source_plugin.plugindatasource",
    "pk" : 212
  },
  { "fields" : { "order" : 0,
        "plugin" : 1259,
        "source" : 2
      },
    "model" : "data_source_plugin.plugindatasource",
    "pk" : 216
  },
  { "fields" : { "order" : 0,
        "plugin" : 1231,
        "source" : 7
      },
    "model" : "data_source_plugin.plugindatasource",
    "pk" : 242
  },
  { "fields" : { "order" : 0,
        "plugin" : 1488,
        "source" : 7
      },
    "model" : "data_source_plugin.plugindatasource",
    "pk" : 258
  },
  { "fields" : { "order" : 0,
        "plugin" : 1512,
        "source" : 7
      },
    "model" : "data_source_plugin.plugindatasource",
    "pk" : 267
  },
  { "fields" : { "order" : 0,
        "plugin" : 1515,
        "source" : 7
      },
    "model" : "data_source_plugin.plugindatasource",
    "pk" : 268
  },
  { "fields" : { "order" : 0,
        "plugin" : 1635,
        "source" : 1
      },
    "model" : "data_source_plugin.plugindatasource",
    "pk" : 298
  },
  { "fields" : { "order" : 0,
        "plugin" : 1657,
        "source" : 8
      },
    "model" : "data_source_plugin.plugindatasource",
    "pk" : 303
  },
  { "fields" : { "order" : 0,
        "plugin" : 1657,
        "source" : 7
      },
    "model" : "data_source_plugin.plugindatasource",
    "pk" : 304
  },
  { "fields" : { "order" : 0,
        "plugin" : 1664,
        "source" : 2
      },
    "model" : "data_source_plugin.plugindatasource",
    "pk" : 305
  },
  { "fields" : { "order" : 0,
        "plugin" : 1665,
        "source" : 7
      },
    "model" : "data_source_plugin.plugindatasource",
    "pk" : 306
  },
  { "fields" : { "template_source" : "<!--\r\n{% if request.user.is_authenticated %}\r\n<h1>Fédérations</h1>\r\n<dl>\r\n{% for service, name_ids in federations.links.items %}\r\n<dt>{{ service }}</dt>\r\n<dd>{{ name_ids|join:\", \" }}</dd>\r\n{% endfor %}\r\n</dl>\r\n{% endif %}\r\n-->" },
    "model" : "data_source_plugin.rawinlinetemplateplugin",
    "pk" : 604
  },
  { "fields" : { "template_source" : "{% load i18n %}\r\n{% if user.is_authenticated %}\r\n<div>\r\n{% url 'profile' as profile_url %}\r\n{% if profile_url %}<p><a href=\"{{ profile_url }}\">{% trans \"Mon profil\" %}</a></p>{% endif %}\r\n<p>\r\n<a href=\"http://eservices-montpellier.entrouvert.org/myspace/strongbox/\">Mon porte-document</a></li>\r\n</p>\r\n</div>\r\n{% endif %}" },
    "model" : "data_source_plugin.rawinlinetemplateplugin",
    "pk" : 608
  },
  { "fields" : { "limit" : 10,
        "refresh" : 30,
        "template_source" : "{% if user.is_authenticated %}\r\n<h2>Mes abonnements aux newsletters</h2>\r\n<ul class=\"newsList\">\r\n{% for name, subscribed in  data_sources.0.content.newsletters.items %}\r\n<li class=\"{{ subscribed|yesno:'abonne,nonAbonne'}}\">{{ name }}</li>\r\n{% endfor %}\r\n</ul>\r\n<div class=\"newsLink\"><a class=\"spe\" href=\"http://www-test.entrouvert.montpellier-agglo.com/simplesamlphp/module.php/core/as_login.php?ReturnTo=http://www-test.entrouvert.montpellier-agglo.com/user/{{ data_sources.0.content.uid }}/newsletter&AuthId=default-sp\">Gérer vos newsletters</a></div>\r\n{% endif %}"
      },
    "model" : "data_source_plugin.datasourceplugin",
    "pk" : 603
  },
  { "fields" : { "limit" : 10,
        "refresh" : 30,
        "template_source" : "{% if request.user.is_authenticated and data_sources.0.content %}\r\n<h1 class=\"titleDemarches\">Mes démarches en cours...</h1>\r\n<ul class=\"demarches\">\r\n{% for data in data_sources.0.content %}\r\n<li><a href=\"{{data.url}}\">{{data.title}}</a></li>\r\n{% endfor %}\r\n</ul>\r\n{% endif %}"
      },
    "model" : "data_source_plugin.datasourceplugin",
    "pk" : 605
  },
  { "fields" : { "limit" : 10,
        "refresh" : 30,
        "template_source" : "{% if user.is_authenticated %}\r\n<h3>Les démarches</h3>\r\n<h4>Montpellier agglomération</h4>\r\n<ul>\r\n{% for d in data_sources.0.content|dictsort:\"count\" %}\r\n<li><a href=\"{{ d.url }}\">{{ d.title }}</a></p>\r\n{% endfor %}\r\n</ul>\r\n{% endif %}"
      },
    "model" : "data_source_plugin.datasourceplugin",
    "pk" : 609
  },
  { "fields" : { "limit" : 10,
        "refresh" : 30,
        "template_source" : "<ul class=\"newsList\">\r\n{% for name, subscribed in  data_sources.0.content.newsletters.items %}\r\n<li class=\"{{ subscribed|yesno:'abonne,nonAbonne'}}\">{{ name }}</li>\r\n{% endfor %}\r\n</ul>\r\n<div class=\"newsLink\"><a class=\"spe\" href=\"http://www-test.entrouvert.montpellier-agglo.com/simplesamlphp/module.php/core/as_login.php?ReturnTo=http://www-test.entrouvert.montpellier-agglo.com/user/{{ data_sources.0.content.uid }}/newsletter&AuthId=default-sp\">Gérer vos newsletters</a></div>"
      },
    "model" : "data_source_plugin.datasourceplugin",
    "pk" : 761
  },
  { "fields" : { "limit" : 10,
        "refresh" : 30,
        "template_source" : "<div class=\"demarches\">\r\n<ul>\r\n{% for d in data_sources.0.content.data|dictsort:\"title\" %}\r\n<li><a href=\"https://eservices-test-entrouvert.montpellier-agglo.com/login/?ReturnUrl={{ d.url }}\">{{ d.title }}</a>\r\n{% endfor %}\r\n</ul>\r\n<p class=\"toutes-les-demarches\"><a href=\"https://eservices-test-entrouvert.montpellier-agglo.com/login/\">Toutes les démarches</a></p>\r\n</div>"
      },
    "model" : "data_source_plugin.datasourceplugin",
    "pk" : 1231
  },
  { "fields" : { "limit" : 10,
        "refresh" : 30,
        "template_source" : "<ul class=\"mes-demarches\">\r\n{% for data in data_sources.0.content reversed %}\r\n<li><a href=\"{{data.url}}\">{{data.title}}</a></li>\r\n{% endfor %}\r\n</ul>"
      },
    "model" : "data_source_plugin.datasourceplugin",
    "pk" : 1259
  },
  { "fields" : { "limit" : 10,
        "refresh" : 30,
        "template_source" : "{% with user_info=data_sources.0.content %}\r\n{% if user_info %}\r\n  {% if user_info.user_admin_access %}\r\n  <a class=\"restricted\" href=\"https://eservices-test-entrouvert.montpellier-agglo.com/admin/\">Administration</a>\r\n  {% elif user_info.user_backoffice_access %}\r\n  <a class=\"restricted\" href=\"https://eservices-test-entrouvert.montpellier-agglo.com/backoffice/\">Back office</a>\r\n  {% endif %}\r\n{% endif %}\r\n{% endwith %}"
      },
    "model" : "data_source_plugin.datasourceplugin",
    "pk" : 1488
  },
  { "fields" : { "limit" : 10,
        "refresh" : 30,
        "template_source" : "\r\n{% with user_info=data_sources.0.content %}\r\n<!-- User info: {{ user_info|pprint }} -->\r\n{% endwith %}\r\n"
      },
    "model" : "data_source_plugin.datasourceplugin",
    "pk" : 1512
  },
  { "fields" : { "limit" : 10,
        "refresh" : 30,
        "template_source" : "\r\n{% with user_info=data_sources.0.content %}\r\n<!-- User info: {{ user_info|pprint }} -->\r\n{% endwith %}\r\n"
      },
    "model" : "data_source_plugin.datasourceplugin",
    "pk" : 1515
  },
  { "fields" : { "limit" : 10,
        "refresh" : 30,
        "template_source" : "<ul class=\"newsList\">\r\n{% for name, subscribed in  data_sources.0.content.newsletters.items %}\r\n<li class=\"{{ subscribed|yesno:'abonne,nonAbonne'}}\">{{ name }}</li>\r\n{% endfor %}\r\n</ul>\r\n<div class=\"newsLink\"><a class=\"spe\" href=\"http://www-test.entrouvert.montpellier-agglo.com/simplesamlphp/module.php/core/as_login.php?ReturnTo=http://www-test.entrouvert.montpellier-agglo.com/user/{{ data_sources.0.content.uid }}/newsletter&AuthId=default-sp\">Gérer vos newsletters</a></div>"
      },
    "model" : "data_source_plugin.datasourceplugin",
    "pk" : 1635
  },
  { "fields" : { "limit" : 10,
        "refresh" : 30,
        "template_source" : "<div class=\"demarches\">\r\n<ul>\r\n{% for d in data_sources.0.content.data|dictsort:\"title\" %}\r\n<li><a href=\"https://eservices-test-entrouvert.montpellier-agglo.com/login/?ReturnUrl={{ d.url }}\">{{ d.title }}</a>\r\n{% endfor %}\r\n</ul>\r\n<p class=\"toutes-les-demarches\"><a href=\"https://eservices-test-entrouvert.montpellier-agglo.com/login/\">Toutes les démarches</a></p>\r\n</div>"
      },
    "model" : "data_source_plugin.datasourceplugin",
    "pk" : 1657
  },
  { "fields" : { "limit" : 10,
        "refresh" : 30,
        "template_source" : "<ul class=\"mes-demarches\">\r\n{% for data in data_sources.0.content reversed %}\r\n<li><a href=\"{{data.url}}\">{{data.title}}</a></li>\r\n{% endfor %}\r\n</ul>"
      },
    "model" : "data_source_plugin.datasourceplugin",
    "pk" : 1664
  },
  { "fields" : { "limit" : 10,
        "refresh" : 30,
        "template_source" : "{% with user_info=data_sources.0.content %}\r\n{% if user_info %}\r\n  {% if user_info.user_admin_access %}\r\n  <a class=\"restricted\" href=\"https://eservices-test-entrouvert.montpellier-agglo.com/admin/\">Administration</a>\r\n  {% elif user_info.user_backoffice_access %}\r\n  <a class=\"restricted\" href=\"https://eservices-test-entrouvert.montpellier-agglo.com/backoffice/\">Back office</a>\r\n  {% endif %}\r\n{% endif %}\r\n{% endwith %}"
      },
    "model" : "data_source_plugin.datasourceplugin",
    "pk" : 1665
  },
  { "fields" : {  },
    "model" : "a2_service_list_plugin.a2servicelistplugin",
    "pk" : 602
  },
  { "fields" : {  },
    "model" : "feed_plugin.selectuserfeed",
    "pk" : 759
  },
  { "fields" : {  },
    "model" : "feed_plugin.selectuserfeed",
    "pk" : 1589
  },
  { "fields" : {  },
    "model" : "feed_plugin.selectuserfeed",
    "pk" : 1633
  },
  { "fields" : {  },
    "model" : "feed_plugin.selectuserfeed",
    "pk" : 1641
  },
  { "fields" : { "limit" : 10,
        "timeout" : 60
      },
    "model" : "feed_plugin.showuserfeed",
    "pk" : 1158
  },
  { "fields" : { "limit" : 10,
        "timeout" : 60
      },
    "model" : "feed_plugin.showuserfeed",
    "pk" : 1662
  }
]
